observation_id,chain,contract,task,choice,probability,status,reference,agreement,model_revision,processed_at,evidence
fe8ad944-154e-4481-bd56-8ab821bfbfe1:0x739958e366a0509d4c51c1c164c509fff154adee,robinhood,0x739958e366a0509d4c51c1c164c509fff154adee,risk,clear,0.7065,review,unknown,False,55cf4c4ebb4ebe31b2550e8bdf3bd21b99753851,2026-09-28T19:18:48.706381+00:00,"[""capture:fe8ad944-154e-4481-bd56-8ab821bfbfe1:token:0x739958e366a0509d4c51c1c164c509fff154adee""]"
fe8ad944-154e-4481-bd56-8ab821bfbfe1:0x739958e366a0509d4c51c1c164c509fff154adee,robinhood,0x739958e366a0509d4c51c1c164c509fff154adee,flow,supportive,0.4727,review,weak,False,55cf4c4ebb4ebe31b2550e8bdf3bd21b99753851,2026-09-28T19:18:49.265380+00:00,"[""capture:fe8ad944-154e-4481-bd56-8ab821bfbfe1:token:0x739958e366a0509d4c51c1c164c509fff154adee""]"
fe8ad944-154e-4481-bd56-8ab821bfbfe1:0x739958e366a0509d4c51c1c164c509fff154adee,robinhood,0x739958e366a0509d4c51c1c164c509fff154adee,ownership,within_limit,0.5905,review,within_limit,True,55cf4c4ebb4ebe31b2550e8bdf3bd21b99753851,2026-09-28T19:18:49.712384+00:00,"[""capture:fe8ad944-154e-4481-bd56-8ab821bfbfe1:token:0x739958e366a0509d4c51c1c164c509fff154adee""]"
fe8ad944-154e-4481-bd56-8ab821bfbfe1:0x57c0e45cb534413d1c20a4240955d6bb250bb4f1,robinhood,0x57c0e45cb534413d1c20a4240955d6bb250bb4f1,risk,clear,0.7065,review,unknown,False,55cf4c4ebb4ebe31b2550e8bdf3bd21b99753851,2026-09-28T19:18:50.219385+00:00,"[""capture:fe8ad944-154e-4481-bd56-8ab821bfbfe1:token:0x57c0e45cb534413d1c20a4240955d6bb250bb4f1""]"
fe8ad944-154e-4481-bd56-8ab821bfbfe1:0x57c0e45cb534413d1c20a4240955d6bb250bb4f1,robinhood,0x57c0e45cb534413d1c20a4240955d6bb250bb4f1,flow,supportive,0.5355,review,weak,False,55cf4c4ebb4ebe31b2550e8bdf3bd21b99753851,2026-09-28T19:18:50.634885+00:00,"[""capture:fe8ad944-154e-4481-bd56-8ab821bfbfe1:token:0x57c0e45cb534413d1c20a4240955d6bb250bb4f1""]"
fe8ad944-154e-4481-bd56-8ab821bfbfe1:0x57c0e45cb534413d1c20a4240955d6bb250bb4f1,robinhood,0x57c0e45cb534413d1c20a4240955d6bb250bb4f1,ownership,within_limit,0.5059,review,concentrated,False,55cf4c4ebb4ebe31b2550e8bdf3bd21b99753851,2026-09-28T19:18:51.073881+00:00,"[""capture:fe8ad944-154e-4481-bd56-8ab821bfbfe1:token:0x57c0e45cb534413d1c20a4240955d6bb250bb4f1""]"
cd404827-1073-4901-b09c-82ef1488855b:0x95cc69fa3fbb35955a921876f60631c606e54a17,robinhood,0x95cc69fa3fbb35955a921876f60631c606e54a17,risk,clear,0.7065,review,unknown,False,55cf4c4ebb4ebe31b2550e8bdf3bd21b99753851,2026-09-28T19:18:51.720880+00:00,"[""capture:cd404827-1073-4901-b09c-82ef1488855b:token:0x95cc69fa3fbb35955a921876f60631c606e54a17""]"
cd404827-1073-4901-b09c-82ef1488855b:0x95cc69fa3fbb35955a921876f60631c606e54a17,robinhood,0x95cc69fa3fbb35955a921876f60631c606e54a17,flow,supportive,0.517,review,supportive,True,55cf4c4ebb4ebe31b2550e8bdf3bd21b99753851,2026-09-28T19:18:52.143379+00:00,"[""capture:cd404827-1073-4901-b09c-82ef1488855b:token:0x95cc69fa3fbb35955a921876f60631c606e54a17""]"
cd404827-1073-4901-b09c-82ef1488855b:0x95cc69fa3fbb35955a921876f60631c606e54a17,robinhood,0x95cc69fa3fbb35955a921876f60631c606e54a17,ownership,within_limit,0.6613,review,within_limit,True,55cf4c4ebb4ebe31b2550e8bdf3bd21b99753851,2026-09-28T19:18:52.706881+00:00,"[""capture:cd404827-1073-4901-b09c-82ef1488855b:token:0x95cc69fa3fbb35955a921876f60631c606e54a17""]"
fe8ad944-154e-4481-bd56-8ab821bfbfe1:0xccee82fe024c36fa15e1005ede3e9e4787e23d09,robinhood,0xccee82fe024c36fa15e1005ede3e9e4787e23d09,risk,clear,0.7065,review,unknown,False,55cf4c4ebb4ebe31b2550e8bdf3bd21b99753851,2026-09-28T19:18:53.295382+00:00,"[""capture:fe8ad944-154e-4481-bd56-8ab821bfbfe1:token:0xccee82fe024c36fa15e1005ede3e9e4787e23d09""]"
fe8ad944-154e-4481-bd56-8ab821bfbfe1:0xccee82fe024c36fa15e1005ede3e9e4787e23d09,robinhood,0xccee82fe024c36fa15e1005ede3e9e4787e23d09,flow,supportive,0.4448,review,weak,False,55cf4c4ebb4ebe31b2550e8bdf3bd21b99753851,2026-09-28T19:18:53.701380+00:00,"[""capture:fe8ad944-154e-4481-bd56-8ab821bfbfe1:token:0xccee82fe024c36fa15e1005ede3e9e4787e23d09""]"
fe8ad944-154e-4481-bd56-8ab821bfbfe1:0xccee82fe024c36fa15e1005ede3e9e4787e23d09,robinhood,0xccee82fe024c36fa15e1005ede3e9e4787e23d09,ownership,within_limit,0.6346,review,within_limit,True,55cf4c4ebb4ebe31b2550e8bdf3bd21b99753851,2026-09-28T19:18:54.399382+00:00,"[""capture:fe8ad944-154e-4481-bd56-8ab821bfbfe1:token:0xccee82fe024c36fa15e1005ede3e9e4787e23d09""]"
fe8ad944-154e-4481-bd56-8ab821bfbfe1:0x862cdccb67c8a22fdb247d09a08b1dad09447777,robinhood,0x862cdccb67c8a22fdb247d09a08b1dad09447777,risk,clear,0.7065,review,unknown,False,55cf4c4ebb4ebe31b2550e8bdf3bd21b99753851,2026-09-28T19:18:55.885390+00:00,"[""capture:fe8ad944-154e-4481-bd56-8ab821bfbfe1:token:0x862cdccb67c8a22fdb247d09a08b1dad09447777""]"
fe8ad944-154e-4481-bd56-8ab821bfbfe1:0x862cdccb67c8a22fdb247d09a08b1dad09447777,robinhood,0x862cdccb67c8a22fdb247d09a08b1dad09447777,flow,supportive,0.4794,review,weak,False,55cf4c4ebb4ebe31b2550e8bdf3bd21b99753851,2026-09-28T19:18:56.530892+00:00,"[""capture:fe8ad944-154e-4481-bd56-8ab821bfbfe1:token:0x862cdccb67c8a22fdb247d09a08b1dad09447777""]"
fe8ad944-154e-4481-bd56-8ab821bfbfe1:0x862cdccb67c8a22fdb247d09a08b1dad09447777,robinhood,0x862cdccb67c8a22fdb247d09a08b1dad09447777,ownership,within_limit,0.6338,review,within_limit,True,55cf4c4ebb4ebe31b2550e8bdf3bd21b99753851,2026-09-28T19:18:57.011393+00:00,"[""capture:fe8ad944-154e-4481-bd56-8ab821bfbfe1:token:0x862cdccb67c8a22fdb247d09a08b1dad09447777""]"
663c0420-2b9e-4a94-998b-531fa9202dee:0x5c4d524ea1531b53a73f3cd0b7f75ae5b26913ba,robinhood,0x5c4d524ea1531b53a73f3cd0b7f75ae5b26913ba,risk,clear,0.7065,review,unknown,False,55cf4c4ebb4ebe31b2550e8bdf3bd21b99753851,2026-09-28T19:18:57.517888+00:00,"[""capture:663c0420-2b9e-4a94-998b-531fa9202dee:token:0x5c4d524ea1531b53a73f3cd0b7f75ae5b26913ba""]"
663c0420-2b9e-4a94-998b-531fa9202dee:0x5c4d524ea1531b53a73f3cd0b7f75ae5b26913ba,robinhood,0x5c4d524ea1531b53a73f3cd0b7f75ae5b26913ba,flow,unknown,0.4298,review,weak,False,55cf4c4ebb4ebe31b2550e8bdf3bd21b99753851,2026-09-28T19:18:58.036388+00:00,"[""capture:663c0420-2b9e-4a94-998b-531fa9202dee:token:0x5c4d524ea1531b53a73f3cd0b7f75ae5b26913ba""]"
663c0420-2b9e-4a94-998b-531fa9202dee:0x5c4d524ea1531b53a73f3cd0b7f75ae5b26913ba,robinhood,0x5c4d524ea1531b53a73f3cd0b7f75ae5b26913ba,ownership,within_limit,0.6798,review,within_limit,True,55cf4c4ebb4ebe31b2550e8bdf3bd21b99753851,2026-09-28T19:18:58.570889+00:00,"[""capture:663c0420-2b9e-4a94-998b-531fa9202dee:token:0x5c4d524ea1531b53a73f3cd0b7f75ae5b26913ba""]"
4e680297-1e75-418b-b818-8b2903e8b923:0x0339f5459fc690ac85f1782e15782a151b4a9e1b,robinhood,0x0339f5459fc690ac85f1782e15782a151b4a9e1b,risk,clear,0.7065,review,unknown,False,55cf4c4ebb4ebe31b2550e8bdf3bd21b99753851,2026-09-28T19:18:59.157892+00:00,"[""capture:4e680297-1e75-418b-b818-8b2903e8b923:token:0x0339f5459fc690ac85f1782e15782a151b4a9e1b""]"
4e680297-1e75-418b-b818-8b2903e8b923:0x0339f5459fc690ac85f1782e15782a151b4a9e1b,robinhood,0x0339f5459fc690ac85f1782e15782a151b4a9e1b,flow,supportive,0.4955,review,supportive,True,55cf4c4ebb4ebe31b2550e8bdf3bd21b99753851,2026-09-28T19:18:59.629893+00:00,"[""capture:4e680297-1e75-418b-b818-8b2903e8b923:token:0x0339f5459fc690ac85f1782e15782a151b4a9e1b""]"
4e680297-1e75-418b-b818-8b2903e8b923:0x0339f5459fc690ac85f1782e15782a151b4a9e1b,robinhood,0x0339f5459fc690ac85f1782e15782a151b4a9e1b,ownership,within_limit,0.6195,review,within_limit,True,55cf4c4ebb4ebe31b2550e8bdf3bd21b99753851,2026-09-28T19:19:00.045892+00:00,"[""capture:4e680297-1e75-418b-b818-8b2903e8b923:token:0x0339f5459fc690ac85f1782e15782a151b4a9e1b""]"
fe8ad944-154e-4481-bd56-8ab821bfbfe1:0xb0788f5f65a9f4c0d8a634c45c391234f46221ab,robinhood,0xb0788f5f65a9f4c0d8a634c45c391234f46221ab,risk,clear,0.7065,review,unknown,False,55cf4c4ebb4ebe31b2550e8bdf3bd21b99753851,2026-09-28T19:19:00.567390+00:00,"[""capture:fe8ad944-154e-4481-bd56-8ab821bfbfe1:token:0xb0788f5f65a9f4c0d8a634c45c391234f46221ab""]"
fe8ad944-154e-4481-bd56-8ab821bfbfe1:0xb0788f5f65a9f4c0d8a634c45c391234f46221ab,robinhood,0xb0788f5f65a9f4c0d8a634c45c391234f46221ab,flow,supportive,0.4606,review,supportive,True,55cf4c4ebb4ebe31b2550e8bdf3bd21b99753851,2026-09-28T19:19:01.003889+00:00,"[""capture:fe8ad944-154e-4481-bd56-8ab821bfbfe1:token:0xb0788f5f65a9f4c0d8a634c45c391234f46221ab""]"
fe8ad944-154e-4481-bd56-8ab821bfbfe1:0xb0788f5f65a9f4c0d8a634c45c391234f46221ab,robinhood,0xb0788f5f65a9f4c0d8a634c45c391234f46221ab,ownership,within_limit,0.6738,review,within_limit,True,55cf4c4ebb4ebe31b2550e8bdf3bd21b99753851,2026-09-28T19:19:01.497390+00:00,"[""capture:fe8ad944-154e-4481-bd56-8ab821bfbfe1:token:0xb0788f5f65a9f4c0d8a634c45c391234f46221ab""]"
fe8ad944-154e-4481-bd56-8ab821bfbfe1:0xa32cdb8e84c68eb995c8dc270b528d7c5d6a0f20,robinhood,0xa32cdb8e84c68eb995c8dc270b528d7c5d6a0f20,risk,clear,0.7065,review,unknown,False,55cf4c4ebb4ebe31b2550e8bdf3bd21b99753851,2026-09-28T19:19:02.097892+00:00,"[""capture:fe8ad944-154e-4481-bd56-8ab821bfbfe1:token:0xa32cdb8e84c68eb995c8dc270b528d7c5d6a0f20""]"
fe8ad944-154e-4481-bd56-8ab821bfbfe1:0xa32cdb8e84c68eb995c8dc270b528d7c5d6a0f20,robinhood,0xa32cdb8e84c68eb995c8dc270b528d7c5d6a0f20,flow,supportive,0.4566,review,weak,False,55cf4c4ebb4ebe31b2550e8bdf3bd21b99753851,2026-09-28T19:19:02.610388+00:00,"[""capture:fe8ad944-154e-4481-bd56-8ab821bfbfe1:token:0xa32cdb8e84c68eb995c8dc270b528d7c5d6a0f20""]"
fe8ad944-154e-4481-bd56-8ab821bfbfe1:0xa32cdb8e84c68eb995c8dc270b528d7c5d6a0f20,robinhood,0xa32cdb8e84c68eb995c8dc270b528d7c5d6a0f20,ownership,within_limit,0.5973,review,within_limit,True,55cf4c4ebb4ebe31b2550e8bdf3bd21b99753851,2026-09-28T19:19:03.108389+00:00,"[""capture:fe8ad944-154e-4481-bd56-8ab821bfbfe1:token:0xa32cdb8e84c68eb995c8dc270b528d7c5d6a0f20""]"
663c0420-2b9e-4a94-998b-531fa9202dee:0x9ac0efe775ef5eadf1fd106a6efe19d0e1421e18,robinhood,0x9ac0efe775ef5eadf1fd106a6efe19d0e1421e18,risk,clear,0.7065,review,unknown,False,55cf4c4ebb4ebe31b2550e8bdf3bd21b99753851,2026-09-28T19:19:03.694390+00:00,"[""capture:663c0420-2b9e-4a94-998b-531fa9202dee:token:0x9ac0efe775ef5eadf1fd106a6efe19d0e1421e18""]"
663c0420-2b9e-4a94-998b-531fa9202dee:0x9ac0efe775ef5eadf1fd106a6efe19d0e1421e18,robinhood,0x9ac0efe775ef5eadf1fd106a6efe19d0e1421e18,flow,supportive,0.3393,review,weak,False,55cf4c4ebb4ebe31b2550e8bdf3bd21b99753851,2026-09-28T19:19:04.101391+00:00,"[""capture:663c0420-2b9e-4a94-998b-531fa9202dee:token:0x9ac0efe775ef5eadf1fd106a6efe19d0e1421e18""]"
663c0420-2b9e-4a94-998b-531fa9202dee:0x9ac0efe775ef5eadf1fd106a6efe19d0e1421e18,robinhood,0x9ac0efe775ef5eadf1fd106a6efe19d0e1421e18,ownership,within_limit,0.6428,review,within_limit,True,55cf4c4ebb4ebe31b2550e8bdf3bd21b99753851,2026-09-28T19:19:04.527389+00:00,"[""capture:663c0420-2b9e-4a94-998b-531fa9202dee:token:0x9ac0efe775ef5eadf1fd106a6efe19d0e1421e18""]"
fe8ad944-154e-4481-bd56-8ab821bfbfe1:0x63ee32ac3077d1fbd8a77ebba2a6ed4b8e9c1e18,robinhood,0x63ee32ac3077d1fbd8a77ebba2a6ed4b8e9c1e18,risk,clear,0.7065,review,unknown,False,55cf4c4ebb4ebe31b2550e8bdf3bd21b99753851,2026-09-28T19:19:05.076892+00:00,"[""capture:fe8ad944-154e-4481-bd56-8ab821bfbfe1:token:0x63ee32ac3077d1fbd8a77ebba2a6ed4b8e9c1e18""]"
fe8ad944-154e-4481-bd56-8ab821bfbfe1:0x63ee32ac3077d1fbd8a77ebba2a6ed4b8e9c1e18,robinhood,0x63ee32ac3077d1fbd8a77ebba2a6ed4b8e9c1e18,flow,supportive,0.4397,review,weak,False,55cf4c4ebb4ebe31b2550e8bdf3bd21b99753851,2026-09-28T19:19:05.576891+00:00,"[""capture:fe8ad944-154e-4481-bd56-8ab821bfbfe1:token:0x63ee32ac3077d1fbd8a77ebba2a6ed4b8e9c1e18""]"
fe8ad944-154e-4481-bd56-8ab821bfbfe1:0x63ee32ac3077d1fbd8a77ebba2a6ed4b8e9c1e18,robinhood,0x63ee32ac3077d1fbd8a77ebba2a6ed4b8e9c1e18,ownership,within_limit,0.5908,review,within_limit,True,55cf4c4ebb4ebe31b2550e8bdf3bd21b99753851,2026-09-28T19:19:06.078391+00:00,"[""capture:fe8ad944-154e-4481-bd56-8ab821bfbfe1:token:0x63ee32ac3077d1fbd8a77ebba2a6ed4b8e9c1e18""]"
fe8ad944-154e-4481-bd56-8ab821bfbfe1:0xc0d6457c16cc70d6790dd43521c899c87ce02f35,robinhood,0xc0d6457c16cc70d6790dd43521c899c87ce02f35,risk,clear,0.7065,review,unknown,False,55cf4c4ebb4ebe31b2550e8bdf3bd21b99753851,2026-09-28T19:19:06.555388+00:00,"[""capture:fe8ad944-154e-4481-bd56-8ab821bfbfe1:token:0xc0d6457c16cc70d6790dd43521c899c87ce02f35""]"
fe8ad944-154e-4481-bd56-8ab821bfbfe1:0xc0d6457c16cc70d6790dd43521c899c87ce02f35,robinhood,0xc0d6457c16cc70d6790dd43521c899c87ce02f35,flow,weak,0.3962,review,weak,True,55cf4c4ebb4ebe31b2550e8bdf3bd21b99753851,2026-09-28T19:19:06.975393+00:00,"[""capture:fe8ad944-154e-4481-bd56-8ab821bfbfe1:token:0xc0d6457c16cc70d6790dd43521c899c87ce02f35""]"
fe8ad944-154e-4481-bd56-8ab821bfbfe1:0xc0d6457c16cc70d6790dd43521c899c87ce02f35,robinhood,0xc0d6457c16cc70d6790dd43521c899c87ce02f35,ownership,within_limit,0.6282,review,within_limit,True,55cf4c4ebb4ebe31b2550e8bdf3bd21b99753851,2026-09-28T19:19:07.414390+00:00,"[""capture:fe8ad944-154e-4481-bd56-8ab821bfbfe1:token:0xc0d6457c16cc70d6790dd43521c899c87ce02f35""]"
fe8ad944-154e-4481-bd56-8ab821bfbfe1:0x49bac47750f3dcdba49350b5d74fd399e90f97c6,robinhood,0x49bac47750f3dcdba49350b5d74fd399e90f97c6,risk,clear,0.7065,review,unknown,False,55cf4c4ebb4ebe31b2550e8bdf3bd21b99753851,2026-09-28T19:19:07.934889+00:00,"[""capture:fe8ad944-154e-4481-bd56-8ab821bfbfe1:token:0x49bac47750f3dcdba49350b5d74fd399e90f97c6""]"
fe8ad944-154e-4481-bd56-8ab821bfbfe1:0x49bac47750f3dcdba49350b5d74fd399e90f97c6,robinhood,0x49bac47750f3dcdba49350b5d74fd399e90f97c6,flow,weak,0.3427,review,weak,True,55cf4c4ebb4ebe31b2550e8bdf3bd21b99753851,2026-09-28T19:19:08.335389+00:00,"[""capture:fe8ad944-154e-4481-bd56-8ab821bfbfe1:token:0x49bac47750f3dcdba49350b5d74fd399e90f97c6""]"
fe8ad944-154e-4481-bd56-8ab821bfbfe1:0x49bac47750f3dcdba49350b5d74fd399e90f97c6,robinhood,0x49bac47750f3dcdba49350b5d74fd399e90f97c6,ownership,within_limit,0.6179,review,within_limit,True,55cf4c4ebb4ebe31b2550e8bdf3bd21b99753851,2026-09-28T19:19:08.806390+00:00,"[""capture:fe8ad944-154e-4481-bd56-8ab821bfbfe1:token:0x49bac47750f3dcdba49350b5d74fd399e90f97c6""]"
e161007c-0751-46e4-acc9-c8e28cd7190a:0x15d36b6a28d8327abc7afabf0f106ae2c9af5c4d,robinhood,0x15d36b6a28d8327abc7afabf0f106ae2c9af5c4d,risk,clear,0.7065,review,unknown,False,55cf4c4ebb4ebe31b2550e8bdf3bd21b99753851,2026-09-28T19:19:09.310390+00:00,"[""capture:e161007c-0751-46e4-acc9-c8e28cd7190a:token:0x15d36b6a28d8327abc7afabf0f106ae2c9af5c4d""]"
e161007c-0751-46e4-acc9-c8e28cd7190a:0x15d36b6a28d8327abc7afabf0f106ae2c9af5c4d,robinhood,0x15d36b6a28d8327abc7afabf0f106ae2c9af5c4d,flow,supportive,0.428,review,weak,False,55cf4c4ebb4ebe31b2550e8bdf3bd21b99753851,2026-09-28T19:19:09.731892+00:00,"[""capture:e161007c-0751-46e4-acc9-c8e28cd7190a:token:0x15d36b6a28d8327abc7afabf0f106ae2c9af5c4d""]"
e161007c-0751-46e4-acc9-c8e28cd7190a:0x15d36b6a28d8327abc7afabf0f106ae2c9af5c4d,robinhood,0x15d36b6a28d8327abc7afabf0f106ae2c9af5c4d,ownership,within_limit,0.5951,review,within_limit,True,55cf4c4ebb4ebe31b2550e8bdf3bd21b99753851,2026-09-28T19:19:10.161392+00:00,"[""capture:e161007c-0751-46e4-acc9-c8e28cd7190a:token:0x15d36b6a28d8327abc7afabf0f106ae2c9af5c4d""]"
fe8ad944-154e-4481-bd56-8ab821bfbfe1:0xcdae63d95d6dd4f89f6e508c77bd4388b4e5c8ab,robinhood,0xcdae63d95d6dd4f89f6e508c77bd4388b4e5c8ab,risk,clear,0.7065,review,unknown,False,55cf4c4ebb4ebe31b2550e8bdf3bd21b99753851,2026-09-28T19:19:10.646393+00:00,"[""capture:fe8ad944-154e-4481-bd56-8ab821bfbfe1:token:0xcdae63d95d6dd4f89f6e508c77bd4388b4e5c8ab""]"
fe8ad944-154e-4481-bd56-8ab821bfbfe1:0xcdae63d95d6dd4f89f6e508c77bd4388b4e5c8ab,robinhood,0xcdae63d95d6dd4f89f6e508c77bd4388b4e5c8ab,flow,supportive,0.4734,review,weak,False,55cf4c4ebb4ebe31b2550e8bdf3bd21b99753851,2026-09-28T19:19:11.049393+00:00,"[""capture:fe8ad944-154e-4481-bd56-8ab821bfbfe1:token:0xcdae63d95d6dd4f89f6e508c77bd4388b4e5c8ab""]"
fe8ad944-154e-4481-bd56-8ab821bfbfe1:0xcdae63d95d6dd4f89f6e508c77bd4388b4e5c8ab,robinhood,0xcdae63d95d6dd4f89f6e508c77bd4388b4e5c8ab,ownership,within_limit,0.6226,review,within_limit,True,55cf4c4ebb4ebe31b2550e8bdf3bd21b99753851,2026-09-28T19:19:11.454388+00:00,"[""capture:fe8ad944-154e-4481-bd56-8ab821bfbfe1:token:0xcdae63d95d6dd4f89f6e508c77bd4388b4e5c8ab""]"
25df0329-2307-4004-8621-abf9f78d75d1:0x101879cb2ce63cbcb19e799d7d29d11632154ba3,robinhood,0x101879cb2ce63cbcb19e799d7d29d11632154ba3,risk,clear,0.9117,accepted,unknown,False,55cf4c4ebb4ebe31b2550e8bdf3bd21b99753851,2026-09-28T19:19:12.658513+00:00,"[""capture:25df0329-2307-4004-8621-abf9f78d75d1:token:0x101879cb2ce63cbcb19e799d7d29d11632154ba3""]"
25df0329-2307-4004-8621-abf9f78d75d1:0x101879cb2ce63cbcb19e799d7d29d11632154ba3,robinhood,0x101879cb2ce63cbcb19e799d7d29d11632154ba3,flow,unknown,0.3982,review,unknown,True,55cf4c4ebb4ebe31b2550e8bdf3bd21b99753851,2026-09-28T19:19:13.301734+00:00,"[""capture:25df0329-2307-4004-8621-abf9f78d75d1:absent-task-fields""]"
25df0329-2307-4004-8621-abf9f78d75d1:0x101879cb2ce63cbcb19e799d7d29d11632154ba3,robinhood,0x101879cb2ce63cbcb19e799d7d29d11632154ba3,ownership,within_limit,0.4769,review,unknown,False,55cf4c4ebb4ebe31b2550e8bdf3bd21b99753851,2026-09-28T19:19:13.788731+00:00,"[""capture:25df0329-2307-4004-8621-abf9f78d75d1:token:0x101879cb2ce63cbcb19e799d7d29d11632154ba3""]"
25df0329-2307-4004-8621-abf9f78d75d1:0x137960d3a9888066ba38a0781132dcadd3011e18,robinhood,0x137960d3a9888066ba38a0781132dcadd3011e18,risk,clear,0.8478,accepted,unknown,False,55cf4c4ebb4ebe31b2550e8bdf3bd21b99753851,2026-09-28T19:19:14.288730+00:00,"[""capture:25df0329-2307-4004-8621-abf9f78d75d1:token:0x137960d3a9888066ba38a0781132dcadd3011e18""]"
25df0329-2307-4004-8621-abf9f78d75d1:0x137960d3a9888066ba38a0781132dcadd3011e18,robinhood,0x137960d3a9888066ba38a0781132dcadd3011e18,flow,unknown,0.3982,review,unknown,True,55cf4c4ebb4ebe31b2550e8bdf3bd21b99753851,2026-09-28T19:19:14.636731+00:00,"[""capture:25df0329-2307-4004-8621-abf9f78d75d1:absent-task-fields""]"
25df0329-2307-4004-8621-abf9f78d75d1:0x137960d3a9888066ba38a0781132dcadd3011e18,robinhood,0x137960d3a9888066ba38a0781132dcadd3011e18,ownership,within_limit,0.623,review,unknown,False,55cf4c4ebb4ebe31b2550e8bdf3bd21b99753851,2026-09-28T19:19:15.067232+00:00,"[""capture:25df0329-2307-4004-8621-abf9f78d75d1:token:0x137960d3a9888066ba38a0781132dcadd3011e18""]"
3e9ea32c-aa0b-43e5-b4ac-7c4086b20fe7:0x52baac2f9e2621a321ad1034112bdd41dc691e18,robinhood,0x52baac2f9e2621a321ad1034112bdd41dc691e18,risk,clear,0.9117,accepted,unknown,False,55cf4c4ebb4ebe31b2550e8bdf3bd21b99753851,2026-09-28T19:19:15.578230+00:00,"[""capture:3e9ea32c-aa0b-43e5-b4ac-7c4086b20fe7:token:0x52baac2f9e2621a321ad1034112bdd41dc691e18""]"
3e9ea32c-aa0b-43e5-b4ac-7c4086b20fe7:0x52baac2f9e2621a321ad1034112bdd41dc691e18,robinhood,0x52baac2f9e2621a321ad1034112bdd41dc691e18,flow,unknown,0.3982,review,unknown,True,55cf4c4ebb4ebe31b2550e8bdf3bd21b99753851,2026-09-28T19:19:15.910733+00:00,"[""capture:3e9ea32c-aa0b-43e5-b4ac-7c4086b20fe7:absent-task-fields""]"
3e9ea32c-aa0b-43e5-b4ac-7c4086b20fe7:0x52baac2f9e2621a321ad1034112bdd41dc691e18,robinhood,0x52baac2f9e2621a321ad1034112bdd41dc691e18,ownership,within_limit,0.6027,review,unknown,False,55cf4c4ebb4ebe31b2550e8bdf3bd21b99753851,2026-09-28T19:19:16.412728+00:00,"[""capture:3e9ea32c-aa0b-43e5-b4ac-7c4086b20fe7:token:0x52baac2f9e2621a321ad1034112bdd41dc691e18""]"
25df0329-2307-4004-8621-abf9f78d75d1:0x6329bcc68f66bdd89a9cbea6dee15c1272191c0b,robinhood,0x6329bcc68f66bdd89a9cbea6dee15c1272191c0b,risk,clear,0.8478,accepted,unknown,False,55cf4c4ebb4ebe31b2550e8bdf3bd21b99753851,2026-09-28T19:19:16.916730+00:00,"[""capture:25df0329-2307-4004-8621-abf9f78d75d1:token:0x6329bcc68f66bdd89a9cbea6dee15c1272191c0b""]"
25df0329-2307-4004-8621-abf9f78d75d1:0x6329bcc68f66bdd89a9cbea6dee15c1272191c0b,robinhood,0x6329bcc68f66bdd89a9cbea6dee15c1272191c0b,flow,unknown,0.3982,review,unknown,True,55cf4c4ebb4ebe31b2550e8bdf3bd21b99753851,2026-09-28T19:19:17.272230+00:00,"[""capture:25df0329-2307-4004-8621-abf9f78d75d1:absent-task-fields""]"
25df0329-2307-4004-8621-abf9f78d75d1:0x6329bcc68f66bdd89a9cbea6dee15c1272191c0b,robinhood,0x6329bcc68f66bdd89a9cbea6dee15c1272191c0b,ownership,within_limit,0.5644,review,unknown,False,55cf4c4ebb4ebe31b2550e8bdf3bd21b99753851,2026-09-28T19:19:17.802730+00:00,"[""capture:25df0329-2307-4004-8621-abf9f78d75d1:token:0x6329bcc68f66bdd89a9cbea6dee15c1272191c0b""]"
25df0329-2307-4004-8621-abf9f78d75d1:0x89814ca6a4656a3e8a5025cf33cd59b23fa08ba3,robinhood,0x89814ca6a4656a3e8a5025cf33cd59b23fa08ba3,risk,clear,0.8767,accepted,unknown,False,55cf4c4ebb4ebe31b2550e8bdf3bd21b99753851,2026-09-28T19:19:18.339732+00:00,"[""capture:25df0329-2307-4004-8621-abf9f78d75d1:token:0x89814ca6a4656a3e8a5025cf33cd59b23fa08ba3""]"
25df0329-2307-4004-8621-abf9f78d75d1:0x89814ca6a4656a3e8a5025cf33cd59b23fa08ba3,robinhood,0x89814ca6a4656a3e8a5025cf33cd59b23fa08ba3,flow,unknown,0.3982,review,unknown,True,55cf4c4ebb4ebe31b2550e8bdf3bd21b99753851,2026-09-28T19:19:18.648230+00:00,"[""capture:25df0329-2307-4004-8621-abf9f78d75d1:absent-task-fields""]"
25df0329-2307-4004-8621-abf9f78d75d1:0x89814ca6a4656a3e8a5025cf33cd59b23fa08ba3,robinhood,0x89814ca6a4656a3e8a5025cf33cd59b23fa08ba3,ownership,within_limit,0.5846,review,unknown,False,55cf4c4ebb4ebe31b2550e8bdf3bd21b99753851,2026-09-28T19:19:19.174732+00:00,"[""capture:25df0329-2307-4004-8621-abf9f78d75d1:token:0x89814ca6a4656a3e8a5025cf33cd59b23fa08ba3""]"
795a88f0-804c-4f14-a3e8-ce8d9318f6df:0xd5f6ef5deabe61e6d5cdb49bfb6f156f2c1ca715,bsc,0xd5f6ef5deabe61e6d5cdb49bfb6f156f2c1ca715,risk,clear,0.6998,review,unknown,False,55cf4c4ebb4ebe31b2550e8bdf3bd21b99753851,2026-09-28T19:19:19.798730+00:00,"[""capture:795a88f0-804c-4f14-a3e8-ce8d9318f6df:token:0xd5f6ef5deabe61e6d5cdb49bfb6f156f2c1ca715""]"
795a88f0-804c-4f14-a3e8-ce8d9318f6df:0xd5f6ef5deabe61e6d5cdb49bfb6f156f2c1ca715,bsc,0xd5f6ef5deabe61e6d5cdb49bfb6f156f2c1ca715,flow,supportive,0.5221,review,supportive,True,55cf4c4ebb4ebe31b2550e8bdf3bd21b99753851,2026-09-28T19:19:20.275229+00:00,"[""capture:795a88f0-804c-4f14-a3e8-ce8d9318f6df:token:0xd5f6ef5deabe61e6d5cdb49bfb6f156f2c1ca715""]"
795a88f0-804c-4f14-a3e8-ce8d9318f6df:0xd5f6ef5deabe61e6d5cdb49bfb6f156f2c1ca715,bsc,0xd5f6ef5deabe61e6d5cdb49bfb6f156f2c1ca715,ownership,within_limit,0.4314,review,concentrated,False,55cf4c4ebb4ebe31b2550e8bdf3bd21b99753851,2026-09-28T19:19:20.776731+00:00,"[""capture:795a88f0-804c-4f14-a3e8-ce8d9318f6df:token:0xd5f6ef5deabe61e6d5cdb49bfb6f156f2c1ca715""]"
68440f72-d36c-4c27-867d-03a757db141f:0x7a848a5a8169aa6a2f603d056a749f924f504444,bsc,0x7a848a5a8169aa6a2f603d056a749f924f504444,risk,clear,0.6998,review,unknown,False,55cf4c4ebb4ebe31b2550e8bdf3bd21b99753851,2026-09-28T19:19:21.314232+00:00,"[""capture:68440f72-d36c-4c27-867d-03a757db141f:token:0x7a848a5a8169aa6a2f603d056a749f924f504444""]"
68440f72-d36c-4c27-867d-03a757db141f:0x7a848a5a8169aa6a2f603d056a749f924f504444,bsc,0x7a848a5a8169aa6a2f603d056a749f924f504444,flow,supportive,0.477,review,weak,False,55cf4c4ebb4ebe31b2550e8bdf3bd21b99753851,2026-09-28T19:19:21.718232+00:00,"[""capture:68440f72-d36c-4c27-867d-03a757db141f:token:0x7a848a5a8169aa6a2f603d056a749f924f504444""]"
68440f72-d36c-4c27-867d-03a757db141f:0x7a848a5a8169aa6a2f603d056a749f924f504444,bsc,0x7a848a5a8169aa6a2f603d056a749f924f504444,ownership,within_limit,0.6309,review,within_limit,True,55cf4c4ebb4ebe31b2550e8bdf3bd21b99753851,2026-09-28T19:19:22.199733+00:00,"[""capture:68440f72-d36c-4c27-867d-03a757db141f:token:0x7a848a5a8169aa6a2f603d056a749f924f504444""]"
abe58c43-9edf-4da1-b6d9-c4db72f14d79:0xc269d59a0d608ea0bd672f2f4616c372d8554444,bsc,0xc269d59a0d608ea0bd672f2f4616c372d8554444,risk,clear,0.6998,review,unknown,False,55cf4c4ebb4ebe31b2550e8bdf3bd21b99753851,2026-09-28T19:19:23.199378+00:00,"[""capture:abe58c43-9edf-4da1-b6d9-c4db72f14d79:token:0xc269d59a0d608ea0bd672f2f4616c372d8554444""]"
abe58c43-9edf-4da1-b6d9-c4db72f14d79:0xc269d59a0d608ea0bd672f2f4616c372d8554444,bsc,0xc269d59a0d608ea0bd672f2f4616c372d8554444,flow,weak,0.3971,review,weak,True,55cf4c4ebb4ebe31b2550e8bdf3bd21b99753851,2026-09-28T19:19:23.716382+00:00,"[""capture:abe58c43-9edf-4da1-b6d9-c4db72f14d79:token:0xc269d59a0d608ea0bd672f2f4616c372d8554444""]"
abe58c43-9edf-4da1-b6d9-c4db72f14d79:0xc269d59a0d608ea0bd672f2f4616c372d8554444,bsc,0xc269d59a0d608ea0bd672f2f4616c372d8554444,ownership,within_limit,0.5597,review,within_limit,True,55cf4c4ebb4ebe31b2550e8bdf3bd21b99753851,2026-09-28T19:19:24.177878+00:00,"[""capture:abe58c43-9edf-4da1-b6d9-c4db72f14d79:token:0xc269d59a0d608ea0bd672f2f4616c372d8554444""]"
795a88f0-804c-4f14-a3e8-ce8d9318f6df:0xae5a409773b9a7dd0ae94ff437ac213d8fafba01,bsc,0xae5a409773b9a7dd0ae94ff437ac213d8fafba01,risk,clear,0.6998,review,unknown,False,55cf4c4ebb4ebe31b2550e8bdf3bd21b99753851,2026-09-28T19:19:24.728378+00:00,"[""capture:795a88f0-804c-4f14-a3e8-ce8d9318f6df:token:0xae5a409773b9a7dd0ae94ff437ac213d8fafba01""]"
795a88f0-804c-4f14-a3e8-ce8d9318f6df:0xae5a409773b9a7dd0ae94ff437ac213d8fafba01,bsc,0xae5a409773b9a7dd0ae94ff437ac213d8fafba01,flow,weak,0.4192,review,weak,True,55cf4c4ebb4ebe31b2550e8bdf3bd21b99753851,2026-09-28T19:19:25.228377+00:00,"[""capture:795a88f0-804c-4f14-a3e8-ce8d9318f6df:token:0xae5a409773b9a7dd0ae94ff437ac213d8fafba01""]"
795a88f0-804c-4f14-a3e8-ce8d9318f6df:0xae5a409773b9a7dd0ae94ff437ac213d8fafba01,bsc,0xae5a409773b9a7dd0ae94ff437ac213d8fafba01,ownership,within_limit,0.613,review,within_limit,True,55cf4c4ebb4ebe31b2550e8bdf3bd21b99753851,2026-09-28T19:19:25.707880+00:00,"[""capture:795a88f0-804c-4f14-a3e8-ce8d9318f6df:token:0xae5a409773b9a7dd0ae94ff437ac213d8fafba01""]"
795a88f0-804c-4f14-a3e8-ce8d9318f6df:0x3f53de71c126bdabae20f9cd64848d317f6c3238,bsc,0x3f53de71c126bdabae20f9cd64848d317f6c3238,risk,clear,0.6998,review,unknown,False,55cf4c4ebb4ebe31b2550e8bdf3bd21b99753851,2026-09-28T19:19:26.266879+00:00,"[""capture:795a88f0-804c-4f14-a3e8-ce8d9318f6df:token:0x3f53de71c126bdabae20f9cd64848d317f6c3238""]"
795a88f0-804c-4f14-a3e8-ce8d9318f6df:0x3f53de71c126bdabae20f9cd64848d317f6c3238,bsc,0x3f53de71c126bdabae20f9cd64848d317f6c3238,flow,weak,0.3971,review,weak,True,55cf4c4ebb4ebe31b2550e8bdf3bd21b99753851,2026-09-28T19:19:26.672378+00:00,"[""capture:795a88f0-804c-4f14-a3e8-ce8d9318f6df:token:0x3f53de71c126bdabae20f9cd64848d317f6c3238""]"
795a88f0-804c-4f14-a3e8-ce8d9318f6df:0x3f53de71c126bdabae20f9cd64848d317f6c3238,bsc,0x3f53de71c126bdabae20f9cd64848d317f6c3238,ownership,within_limit,0.4275,review,concentrated,False,55cf4c4ebb4ebe31b2550e8bdf3bd21b99753851,2026-09-28T19:19:27.101377+00:00,"[""capture:795a88f0-804c-4f14-a3e8-ce8d9318f6df:token:0x3f53de71c126bdabae20f9cd64848d317f6c3238""]"
795a88f0-804c-4f14-a3e8-ce8d9318f6df:0x70f2eadf1ca1969ff42b0c78e9da519e8937cbaf,bsc,0x70f2eadf1ca1969ff42b0c78e9da519e8937cbaf,risk,clear,0.6998,review,unknown,False,55cf4c4ebb4ebe31b2550e8bdf3bd21b99753851,2026-09-28T19:19:27.601882+00:00,"[""capture:795a88f0-804c-4f14-a3e8-ce8d9318f6df:token:0x70f2eadf1ca1969ff42b0c78e9da519e8937cbaf""]"
795a88f0-804c-4f14-a3e8-ce8d9318f6df:0x70f2eadf1ca1969ff42b0c78e9da519e8937cbaf,bsc,0x70f2eadf1ca1969ff42b0c78e9da519e8937cbaf,flow,supportive,0.4641,review,weak,False,55cf4c4ebb4ebe31b2550e8bdf3bd21b99753851,2026-09-28T19:19:28.034876+00:00,"[""capture:795a88f0-804c-4f14-a3e8-ce8d9318f6df:token:0x70f2eadf1ca1969ff42b0c78e9da519e8937cbaf""]"
795a88f0-804c-4f14-a3e8-ce8d9318f6df:0x70f2eadf1ca1969ff42b0c78e9da519e8937cbaf,bsc,0x70f2eadf1ca1969ff42b0c78e9da519e8937cbaf,ownership,within_limit,0.513,review,concentrated,False,55cf4c4ebb4ebe31b2550e8bdf3bd21b99753851,2026-09-28T19:19:28.561377+00:00,"[""capture:795a88f0-804c-4f14-a3e8-ce8d9318f6df:token:0x70f2eadf1ca1969ff42b0c78e9da519e8937cbaf""]"
795a88f0-804c-4f14-a3e8-ce8d9318f6df:0x9b8e987e6fec8cf1380c4dca7071e2c7853aeea1,bsc,0x9b8e987e6fec8cf1380c4dca7071e2c7853aeea1,risk,clear,0.6998,review,unknown,False,55cf4c4ebb4ebe31b2550e8bdf3bd21b99753851,2026-09-28T19:19:29.152380+00:00,"[""capture:795a88f0-804c-4f14-a3e8-ce8d9318f6df:token:0x9b8e987e6fec8cf1380c4dca7071e2c7853aeea1""]"
795a88f0-804c-4f14-a3e8-ce8d9318f6df:0x9b8e987e6fec8cf1380c4dca7071e2c7853aeea1,bsc,0x9b8e987e6fec8cf1380c4dca7071e2c7853aeea1,flow,supportive,0.6653,review,supportive,True,55cf4c4ebb4ebe31b2550e8bdf3bd21b99753851,2026-09-28T19:19:29.580878+00:00,"[""capture:795a88f0-804c-4f14-a3e8-ce8d9318f6df:token:0x9b8e987e6fec8cf1380c4dca7071e2c7853aeea1""]"
795a88f0-804c-4f14-a3e8-ce8d9318f6df:0x9b8e987e6fec8cf1380c4dca7071e2c7853aeea1,bsc,0x9b8e987e6fec8cf1380c4dca7071e2c7853aeea1,ownership,within_limit,0.706,review,within_limit,True,55cf4c4ebb4ebe31b2550e8bdf3bd21b99753851,2026-09-28T19:19:30.039881+00:00,"[""capture:795a88f0-804c-4f14-a3e8-ce8d9318f6df:token:0x9b8e987e6fec8cf1380c4dca7071e2c7853aeea1""]"
08cc1e53-32bc-48e9-9abe-0b7caf40b440:0xeed22a9ef4ccd6a945aba4e21739708cb3227777,bsc,0xeed22a9ef4ccd6a945aba4e21739708cb3227777,risk,clear,0.6998,review,unknown,False,55cf4c4ebb4ebe31b2550e8bdf3bd21b99753851,2026-09-28T19:19:30.639878+00:00,"[""capture:08cc1e53-32bc-48e9-9abe-0b7caf40b440:token:0xeed22a9ef4ccd6a945aba4e21739708cb3227777""]"
08cc1e53-32bc-48e9-9abe-0b7caf40b440:0xeed22a9ef4ccd6a945aba4e21739708cb3227777,bsc,0xeed22a9ef4ccd6a945aba4e21739708cb3227777,flow,weak,0.3876,review,weak,True,55cf4c4ebb4ebe31b2550e8bdf3bd21b99753851,2026-09-28T19:19:31.032878+00:00,"[""capture:08cc1e53-32bc-48e9-9abe-0b7caf40b440:token:0xeed22a9ef4ccd6a945aba4e21739708cb3227777""]"
08cc1e53-32bc-48e9-9abe-0b7caf40b440:0xeed22a9ef4ccd6a945aba4e21739708cb3227777,bsc,0xeed22a9ef4ccd6a945aba4e21739708cb3227777,ownership,within_limit,0.6345,review,within_limit,True,55cf4c4ebb4ebe31b2550e8bdf3bd21b99753851,2026-09-28T19:19:31.474879+00:00,"[""capture:08cc1e53-32bc-48e9-9abe-0b7caf40b440:token:0xeed22a9ef4ccd6a945aba4e21739708cb3227777""]"
d9b7eccd-b77f-4cc6-8305-4a84d44c62e0:0xbd7909318b9ca4ff140b840f69bb310a785d1095,bsc,0xbd7909318b9ca4ff140b840f69bb310a785d1095,risk,clear,0.6998,review,unknown,False,55cf4c4ebb4ebe31b2550e8bdf3bd21b99753851,2026-09-28T19:19:31.981877+00:00,"[""capture:d9b7eccd-b77f-4cc6-8305-4a84d44c62e0:token:0xbd7909318b9ca4ff140b840f69bb310a785d1095""]"
d9b7eccd-b77f-4cc6-8305-4a84d44c62e0:0xbd7909318b9ca4ff140b840f69bb310a785d1095,bsc,0xbd7909318b9ca4ff140b840f69bb310a785d1095,flow,supportive,0.4551,review,weak,False,55cf4c4ebb4ebe31b2550e8bdf3bd21b99753851,2026-09-28T19:19:32.390378+00:00,"[""capture:d9b7eccd-b77f-4cc6-8305-4a84d44c62e0:token:0xbd7909318b9ca4ff140b840f69bb310a785d1095""]"
d9b7eccd-b77f-4cc6-8305-4a84d44c62e0:0xbd7909318b9ca4ff140b840f69bb310a785d1095,bsc,0xbd7909318b9ca4ff140b840f69bb310a785d1095,ownership,within_limit,0.6091,review,within_limit,True,55cf4c4ebb4ebe31b2550e8bdf3bd21b99753851,2026-09-28T19:19:32.851876+00:00,"[""capture:d9b7eccd-b77f-4cc6-8305-4a84d44c62e0:token:0xbd7909318b9ca4ff140b840f69bb310a785d1095""]"
795a88f0-804c-4f14-a3e8-ce8d9318f6df:0x5074546cb787d5a698ec8e9a1734e33a3fae7777,bsc,0x5074546cb787d5a698ec8e9a1734e33a3fae7777,risk,clear,0.6998,review,unknown,False,55cf4c4ebb4ebe31b2550e8bdf3bd21b99753851,2026-09-28T19:19:33.455878+00:00,"[""capture:795a88f0-804c-4f14-a3e8-ce8d9318f6df:token:0x5074546cb787d5a698ec8e9a1734e33a3fae7777""]"
795a88f0-804c-4f14-a3e8-ce8d9318f6df:0x5074546cb787d5a698ec8e9a1734e33a3fae7777,bsc,0x5074546cb787d5a698ec8e9a1734e33a3fae7777,flow,supportive,0.5242,review,supportive,True,55cf4c4ebb4ebe31b2550e8bdf3bd21b99753851,2026-09-28T19:19:33.948376+00:00,"[""capture:795a88f0-804c-4f14-a3e8-ce8d9318f6df:token:0x5074546cb787d5a698ec8e9a1734e33a3fae7777""]"
795a88f0-804c-4f14-a3e8-ce8d9318f6df:0x5074546cb787d5a698ec8e9a1734e33a3fae7777,bsc,0x5074546cb787d5a698ec8e9a1734e33a3fae7777,ownership,within_limit,0.5881,review,within_limit,True,55cf4c4ebb4ebe31b2550e8bdf3bd21b99753851,2026-09-28T19:19:34.430376+00:00,"[""capture:795a88f0-804c-4f14-a3e8-ce8d9318f6df:token:0x5074546cb787d5a698ec8e9a1734e33a3fae7777""]"
795a88f0-804c-4f14-a3e8-ce8d9318f6df:0x4902c5ebc598265ed2212b559b042de8a5eeec3f,bsc,0x4902c5ebc598265ed2212b559b042de8a5eeec3f,risk,clear,0.6998,review,unknown,False,55cf4c4ebb4ebe31b2550e8bdf3bd21b99753851,2026-09-28T19:19:34.939879+00:00,"[""capture:795a88f0-804c-4f14-a3e8-ce8d9318f6df:token:0x4902c5ebc598265ed2212b559b042de8a5eeec3f""]"
795a88f0-804c-4f14-a3e8-ce8d9318f6df:0x4902c5ebc598265ed2212b559b042de8a5eeec3f,bsc,0x4902c5ebc598265ed2212b559b042de8a5eeec3f,flow,supportive,0.409,review,weak,False,55cf4c4ebb4ebe31b2550e8bdf3bd21b99753851,2026-09-28T19:19:35.316879+00:00,"[""capture:795a88f0-804c-4f14-a3e8-ce8d9318f6df:token:0x4902c5ebc598265ed2212b559b042de8a5eeec3f""]"
795a88f0-804c-4f14-a3e8-ce8d9318f6df:0x4902c5ebc598265ed2212b559b042de8a5eeec3f,bsc,0x4902c5ebc598265ed2212b559b042de8a5eeec3f,ownership,within_limit,0.4046,review,concentrated,False,55cf4c4ebb4ebe31b2550e8bdf3bd21b99753851,2026-09-28T19:19:35.844378+00:00,"[""capture:795a88f0-804c-4f14-a3e8-ce8d9318f6df:token:0x4902c5ebc598265ed2212b559b042de8a5eeec3f""]"
795a88f0-804c-4f14-a3e8-ce8d9318f6df:0x75b364916b65f1e8959fa0210a6922c2ee237777,bsc,0x75b364916b65f1e8959fa0210a6922c2ee237777,risk,clear,0.6998,review,unknown,False,55cf4c4ebb4ebe31b2550e8bdf3bd21b99753851,2026-09-28T19:19:36.411876+00:00,"[""capture:795a88f0-804c-4f14-a3e8-ce8d9318f6df:token:0x75b364916b65f1e8959fa0210a6922c2ee237777""]"
795a88f0-804c-4f14-a3e8-ce8d9318f6df:0x75b364916b65f1e8959fa0210a6922c2ee237777,bsc,0x75b364916b65f1e8959fa0210a6922c2ee237777,flow,supportive,0.4316,review,weak,False,55cf4c4ebb4ebe31b2550e8bdf3bd21b99753851,2026-09-28T19:19:36.951878+00:00,"[""capture:795a88f0-804c-4f14-a3e8-ce8d9318f6df:token:0x75b364916b65f1e8959fa0210a6922c2ee237777""]"
795a88f0-804c-4f14-a3e8-ce8d9318f6df:0x75b364916b65f1e8959fa0210a6922c2ee237777,bsc,0x75b364916b65f1e8959fa0210a6922c2ee237777,ownership,within_limit,0.6161,review,within_limit,True,55cf4c4ebb4ebe31b2550e8bdf3bd21b99753851,2026-09-28T19:19:38.260378+00:00,"[""capture:795a88f0-804c-4f14-a3e8-ce8d9318f6df:token:0x75b364916b65f1e8959fa0210a6922c2ee237777""]"
6211f86d-6ba6-4eb3-a4e2-2f80b0dffff7:0x3ee4df61bd4f867e349beae8bfe07bc31b4850fb,bsc,0x3ee4df61bd4f867e349beae8bfe07bc31b4850fb,risk,clear,0.6998,review,unknown,False,55cf4c4ebb4ebe31b2550e8bdf3bd21b99753851,2026-09-28T19:19:38.864877+00:00,"[""capture:6211f86d-6ba6-4eb3-a4e2-2f80b0dffff7:token:0x3ee4df61bd4f867e349beae8bfe07bc31b4850fb""]"
6211f86d-6ba6-4eb3-a4e2-2f80b0dffff7:0x3ee4df61bd4f867e349beae8bfe07bc31b4850fb,bsc,0x3ee4df61bd4f867e349beae8bfe07bc31b4850fb,flow,weak,0.3717,review,weak,True,55cf4c4ebb4ebe31b2550e8bdf3bd21b99753851,2026-09-28T19:19:39.470878+00:00,"[""capture:6211f86d-6ba6-4eb3-a4e2-2f80b0dffff7:token:0x3ee4df61bd4f867e349beae8bfe07bc31b4850fb""]"
6211f86d-6ba6-4eb3-a4e2-2f80b0dffff7:0x3ee4df61bd4f867e349beae8bfe07bc31b4850fb,bsc,0x3ee4df61bd4f867e349beae8bfe07bc31b4850fb,ownership,within_limit,0.464,review,concentrated,False,55cf4c4ebb4ebe31b2550e8bdf3bd21b99753851,2026-09-28T19:19:39.901378+00:00,"[""capture:6211f86d-6ba6-4eb3-a4e2-2f80b0dffff7:token:0x3ee4df61bd4f867e349beae8bfe07bc31b4850fb""]"
795a88f0-804c-4f14-a3e8-ce8d9318f6df:0xfa6d9b504848606eb9aec04ccc161d169b3f2159,bsc,0xfa6d9b504848606eb9aec04ccc161d169b3f2159,risk,clear,0.6998,review,unknown,False,55cf4c4ebb4ebe31b2550e8bdf3bd21b99753851,2026-09-28T19:19:40.473878+00:00,"[""capture:795a88f0-804c-4f14-a3e8-ce8d9318f6df:token:0xfa6d9b504848606eb9aec04ccc161d169b3f2159""]"
795a88f0-804c-4f14-a3e8-ce8d9318f6df:0xfa6d9b504848606eb9aec04ccc161d169b3f2159,bsc,0xfa6d9b504848606eb9aec04ccc161d169b3f2159,flow,supportive,0.4505,review,weak,False,55cf4c4ebb4ebe31b2550e8bdf3bd21b99753851,2026-09-28T19:19:40.874877+00:00,"[""capture:795a88f0-804c-4f14-a3e8-ce8d9318f6df:token:0xfa6d9b504848606eb9aec04ccc161d169b3f2159""]"
795a88f0-804c-4f14-a3e8-ce8d9318f6df:0xfa6d9b504848606eb9aec04ccc161d169b3f2159,bsc,0xfa6d9b504848606eb9aec04ccc161d169b3f2159,ownership,within_limit,0.6647,review,within_limit,True,55cf4c4ebb4ebe31b2550e8bdf3bd21b99753851,2026-09-28T19:19:41.375378+00:00,"[""capture:795a88f0-804c-4f14-a3e8-ce8d9318f6df:token:0xfa6d9b504848606eb9aec04ccc161d169b3f2159""]"
795a88f0-804c-4f14-a3e8-ce8d9318f6df:0xcafdbce93477261db8250e42bdae6e66733f9e20,bsc,0xcafdbce93477261db8250e42bdae6e66733f9e20,risk,clear,0.6998,review,unknown,False,55cf4c4ebb4ebe31b2550e8bdf3bd21b99753851,2026-09-28T19:19:41.926379+00:00,"[""capture:795a88f0-804c-4f14-a3e8-ce8d9318f6df:token:0xcafdbce93477261db8250e42bdae6e66733f9e20""]"
795a88f0-804c-4f14-a3e8-ce8d9318f6df:0xcafdbce93477261db8250e42bdae6e66733f9e20,bsc,0xcafdbce93477261db8250e42bdae6e66733f9e20,flow,supportive,0.5019,review,supportive,True,55cf4c4ebb4ebe31b2550e8bdf3bd21b99753851,2026-09-28T19:19:42.946000+00:00,"[""capture:795a88f0-804c-4f14-a3e8-ce8d9318f6df:token:0xcafdbce93477261db8250e42bdae6e66733f9e20""]"
795a88f0-804c-4f14-a3e8-ce8d9318f6df:0xcafdbce93477261db8250e42bdae6e66733f9e20,bsc,0xcafdbce93477261db8250e42bdae6e66733f9e20,ownership,within_limit,0.6457,review,within_limit,True,55cf4c4ebb4ebe31b2550e8bdf3bd21b99753851,2026-09-28T19:19:45.384026+00:00,"[""capture:795a88f0-804c-4f14-a3e8-ce8d9318f6df:token:0xcafdbce93477261db8250e42bdae6e66733f9e20""]"
804bdef0-8579-4ea1-8c9b-206377f4bc0d:0x2b44d7ee02e8f9916a2ffee02e4e6354ab5c7777,bsc,0x2b44d7ee02e8f9916a2ffee02e4e6354ab5c7777,risk,clear,0.5788,review,unknown,False,55cf4c4ebb4ebe31b2550e8bdf3bd21b99753851,2026-09-28T19:19:45.895525+00:00,"[""capture:804bdef0-8579-4ea1-8c9b-206377f4bc0d:token:0x2b44d7ee02e8f9916a2ffee02e4e6354ab5c7777""]"
804bdef0-8579-4ea1-8c9b-206377f4bc0d:0x2b44d7ee02e8f9916a2ffee02e4e6354ab5c7777,bsc,0x2b44d7ee02e8f9916a2ffee02e4e6354ab5c7777,flow,unknown,0.3959,review,unknown,True,55cf4c4ebb4ebe31b2550e8bdf3bd21b99753851,2026-09-28T19:19:46.176526+00:00,"[""capture:804bdef0-8579-4ea1-8c9b-206377f4bc0d:absent-task-fields""]"
804bdef0-8579-4ea1-8c9b-206377f4bc0d:0x2b44d7ee02e8f9916a2ffee02e4e6354ab5c7777,bsc,0x2b44d7ee02e8f9916a2ffee02e4e6354ab5c7777,ownership,within_limit,0.6163,review,unknown,False,55cf4c4ebb4ebe31b2550e8bdf3bd21b99753851,2026-09-28T19:19:46.665024+00:00,"[""capture:804bdef0-8579-4ea1-8c9b-206377f4bc0d:token:0x2b44d7ee02e8f9916a2ffee02e4e6354ab5c7777""]"
43ad4845-c2cb-4fc5-861a-494aafcccfab:0x3b7dec98e2748d523e751eceb1d81eac67fb7777,bsc,0x3b7dec98e2748d523e751eceb1d81eac67fb7777,risk,clear,0.5788,review,unknown,False,55cf4c4ebb4ebe31b2550e8bdf3bd21b99753851,2026-09-28T19:19:47.101571+00:00,"[""capture:43ad4845-c2cb-4fc5-861a-494aafcccfab:token:0x3b7dec98e2748d523e751eceb1d81eac67fb7777""]"
43ad4845-c2cb-4fc5-861a-494aafcccfab:0x3b7dec98e2748d523e751eceb1d81eac67fb7777,bsc,0x3b7dec98e2748d523e751eceb1d81eac67fb7777,flow,unknown,0.3959,review,unknown,True,55cf4c4ebb4ebe31b2550e8bdf3bd21b99753851,2026-09-28T19:19:47.393025+00:00,"[""capture:43ad4845-c2cb-4fc5-861a-494aafcccfab:absent-task-fields""]"
43ad4845-c2cb-4fc5-861a-494aafcccfab:0x3b7dec98e2748d523e751eceb1d81eac67fb7777,bsc,0x3b7dec98e2748d523e751eceb1d81eac67fb7777,ownership,within_limit,0.5932,review,unknown,False,55cf4c4ebb4ebe31b2550e8bdf3bd21b99753851,2026-09-28T19:19:47.942025+00:00,"[""capture:43ad4845-c2cb-4fc5-861a-494aafcccfab:token:0x3b7dec98e2748d523e751eceb1d81eac67fb7777""]"
804bdef0-8579-4ea1-8c9b-206377f4bc0d:0xcc28015f40cf707f8b9d236cc1fc90bc040a7777,bsc,0xcc28015f40cf707f8b9d236cc1fc90bc040a7777,risk,clear,0.5788,review,unknown,False,55cf4c4ebb4ebe31b2550e8bdf3bd21b99753851,2026-09-28T19:19:48.440522+00:00,"[""capture:804bdef0-8579-4ea1-8c9b-206377f4bc0d:token:0xcc28015f40cf707f8b9d236cc1fc90bc040a7777""]"
804bdef0-8579-4ea1-8c9b-206377f4bc0d:0xcc28015f40cf707f8b9d236cc1fc90bc040a7777,bsc,0xcc28015f40cf707f8b9d236cc1fc90bc040a7777,flow,unknown,0.3959,review,unknown,True,55cf4c4ebb4ebe31b2550e8bdf3bd21b99753851,2026-09-28T19:19:48.783025+00:00,"[""capture:804bdef0-8579-4ea1-8c9b-206377f4bc0d:absent-task-fields""]"
804bdef0-8579-4ea1-8c9b-206377f4bc0d:0xcc28015f40cf707f8b9d236cc1fc90bc040a7777,bsc,0xcc28015f40cf707f8b9d236cc1fc90bc040a7777,ownership,within_limit,0.5932,review,unknown,False,55cf4c4ebb4ebe31b2550e8bdf3bd21b99753851,2026-09-28T19:19:49.247025+00:00,"[""capture:804bdef0-8579-4ea1-8c9b-206377f4bc0d:token:0xcc28015f40cf707f8b9d236cc1fc90bc040a7777""]"
804bdef0-8579-4ea1-8c9b-206377f4bc0d:0xf7fc0e5ad8fc95b0c4ae59db1ff068bc64417777,bsc,0xf7fc0e5ad8fc95b0c4ae59db1ff068bc64417777,risk,clear,0.5788,review,unknown,False,55cf4c4ebb4ebe31b2550e8bdf3bd21b99753851,2026-09-28T19:19:49.682026+00:00,"[""capture:804bdef0-8579-4ea1-8c9b-206377f4bc0d:token:0xf7fc0e5ad8fc95b0c4ae59db1ff068bc64417777""]"
804bdef0-8579-4ea1-8c9b-206377f4bc0d:0xf7fc0e5ad8fc95b0c4ae59db1ff068bc64417777,bsc,0xf7fc0e5ad8fc95b0c4ae59db1ff068bc64417777,flow,unknown,0.3959,review,unknown,True,55cf4c4ebb4ebe31b2550e8bdf3bd21b99753851,2026-09-28T19:19:49.958025+00:00,"[""capture:804bdef0-8579-4ea1-8c9b-206377f4bc0d:absent-task-fields""]"
804bdef0-8579-4ea1-8c9b-206377f4bc0d:0xf7fc0e5ad8fc95b0c4ae59db1ff068bc64417777,bsc,0xf7fc0e5ad8fc95b0c4ae59db1ff068bc64417777,ownership,within_limit,0.5816,review,unknown,False,55cf4c4ebb4ebe31b2550e8bdf3bd21b99753851,2026-09-28T19:19:50.539022+00:00,"[""capture:804bdef0-8579-4ea1-8c9b-206377f4bc0d:token:0xf7fc0e5ad8fc95b0c4ae59db1ff068bc64417777""]"
804bdef0-8579-4ea1-8c9b-206377f4bc0d:0xfbc0e9e64579857f7e36004995252fb76ff57777,bsc,0xfbc0e9e64579857f7e36004995252fb76ff57777,risk,clear,0.5788,review,unknown,False,55cf4c4ebb4ebe31b2550e8bdf3bd21b99753851,2026-09-28T19:19:51.084025+00:00,"[""capture:804bdef0-8579-4ea1-8c9b-206377f4bc0d:token:0xfbc0e9e64579857f7e36004995252fb76ff57777""]"
804bdef0-8579-4ea1-8c9b-206377f4bc0d:0xfbc0e9e64579857f7e36004995252fb76ff57777,bsc,0xfbc0e9e64579857f7e36004995252fb76ff57777,flow,unknown,0.3959,review,unknown,True,55cf4c4ebb4ebe31b2550e8bdf3bd21b99753851,2026-09-28T19:19:51.387028+00:00,"[""capture:804bdef0-8579-4ea1-8c9b-206377f4bc0d:absent-task-fields""]"
804bdef0-8579-4ea1-8c9b-206377f4bc0d:0xfbc0e9e64579857f7e36004995252fb76ff57777,bsc,0xfbc0e9e64579857f7e36004995252fb76ff57777,ownership,within_limit,0.4935,review,unknown,False,55cf4c4ebb4ebe31b2550e8bdf3bd21b99753851,2026-09-28T19:19:51.825524+00:00,"[""capture:804bdef0-8579-4ea1-8c9b-206377f4bc0d:token:0xfbc0e9e64579857f7e36004995252fb76ff57777""]"
3af1faa1-2074-484e-893e-ed2c676e1576:FbrMGVE2548HfpMVhYsybmYyUQVHMefMiUSkckyipump,solana,FbrMGVE2548HfpMVhYsybmYyUQVHMefMiUSkckyipump,risk,clear,0.7288,review,unknown,False,55cf4c4ebb4ebe31b2550e8bdf3bd21b99753851,2026-09-28T19:19:52.316523+00:00,"[""capture:3af1faa1-2074-484e-893e-ed2c676e1576:token:FbrMGVE2548HfpMVhYsybmYyUQVHMefMiUSkckyipump""]"
3af1faa1-2074-484e-893e-ed2c676e1576:FbrMGVE2548HfpMVhYsybmYyUQVHMefMiUSkckyipump,solana,FbrMGVE2548HfpMVhYsybmYyUQVHMefMiUSkckyipump,flow,supportive,0.6076,review,supportive,True,55cf4c4ebb4ebe31b2550e8bdf3bd21b99753851,2026-09-28T19:19:52.760025+00:00,"[""capture:3af1faa1-2074-484e-893e-ed2c676e1576:token:FbrMGVE2548HfpMVhYsybmYyUQVHMefMiUSkckyipump""]"
3af1faa1-2074-484e-893e-ed2c676e1576:FbrMGVE2548HfpMVhYsybmYyUQVHMefMiUSkckyipump,solana,FbrMGVE2548HfpMVhYsybmYyUQVHMefMiUSkckyipump,ownership,within_limit,0.3793,review,within_limit,True,55cf4c4ebb4ebe31b2550e8bdf3bd21b99753851,2026-09-28T19:19:53.196026+00:00,"[""capture:3af1faa1-2074-484e-893e-ed2c676e1576:token:FbrMGVE2548HfpMVhYsybmYyUQVHMefMiUSkckyipump""]"
3af1faa1-2074-484e-893e-ed2c676e1576:APLwmQEyK1oYptMboQ2iFbAiqhomaz9H2vQQF8J2pump,solana,APLwmQEyK1oYptMboQ2iFbAiqhomaz9H2vQQF8J2pump,risk,clear,0.7288,review,unknown,False,55cf4c4ebb4ebe31b2550e8bdf3bd21b99753851,2026-09-28T19:19:53.770023+00:00,"[""capture:3af1faa1-2074-484e-893e-ed2c676e1576:token:APLwmQEyK1oYptMboQ2iFbAiqhomaz9H2vQQF8J2pump""]"
3af1faa1-2074-484e-893e-ed2c676e1576:APLwmQEyK1oYptMboQ2iFbAiqhomaz9H2vQQF8J2pump,solana,APLwmQEyK1oYptMboQ2iFbAiqhomaz9H2vQQF8J2pump,flow,supportive,0.5432,review,supportive,True,55cf4c4ebb4ebe31b2550e8bdf3bd21b99753851,2026-09-28T19:19:54.208526+00:00,"[""capture:3af1faa1-2074-484e-893e-ed2c676e1576:token:APLwmQEyK1oYptMboQ2iFbAiqhomaz9H2vQQF8J2pump""]"
3af1faa1-2074-484e-893e-ed2c676e1576:APLwmQEyK1oYptMboQ2iFbAiqhomaz9H2vQQF8J2pump,solana,APLwmQEyK1oYptMboQ2iFbAiqhomaz9H2vQQF8J2pump,ownership,within_limit,0.6381,review,within_limit,True,55cf4c4ebb4ebe31b2550e8bdf3bd21b99753851,2026-09-28T19:19:54.685526+00:00,"[""capture:3af1faa1-2074-484e-893e-ed2c676e1576:token:APLwmQEyK1oYptMboQ2iFbAiqhomaz9H2vQQF8J2pump""]"
9792e199-c0c2-4272-ac95-24501e4a3f79:8HES3xmbpDGQiv1SxM4mmzPuNqb3R1QhfPCFg2aspump,solana,8HES3xmbpDGQiv1SxM4mmzPuNqb3R1QhfPCFg2aspump,risk,clear,0.7288,review,unknown,False,55cf4c4ebb4ebe31b2550e8bdf3bd21b99753851,2026-09-28T19:19:55.171023+00:00,"[""capture:9792e199-c0c2-4272-ac95-24501e4a3f79:token:8HES3xmbpDGQiv1SxM4mmzPuNqb3R1QhfPCFg2aspump""]"
9792e199-c0c2-4272-ac95-24501e4a3f79:8HES3xmbpDGQiv1SxM4mmzPuNqb3R1QhfPCFg2aspump,solana,8HES3xmbpDGQiv1SxM4mmzPuNqb3R1QhfPCFg2aspump,flow,supportive,0.6147,review,supportive,True,55cf4c4ebb4ebe31b2550e8bdf3bd21b99753851,2026-09-28T19:19:55.587026+00:00,"[""capture:9792e199-c0c2-4272-ac95-24501e4a3f79:token:8HES3xmbpDGQiv1SxM4mmzPuNqb3R1QhfPCFg2aspump""]"
9792e199-c0c2-4272-ac95-24501e4a3f79:8HES3xmbpDGQiv1SxM4mmzPuNqb3R1QhfPCFg2aspump,solana,8HES3xmbpDGQiv1SxM4mmzPuNqb3R1QhfPCFg2aspump,ownership,within_limit,0.6059,review,within_limit,True,55cf4c4ebb4ebe31b2550e8bdf3bd21b99753851,2026-09-28T19:19:56.064525+00:00,"[""capture:9792e199-c0c2-4272-ac95-24501e4a3f79:token:8HES3xmbpDGQiv1SxM4mmzPuNqb3R1QhfPCFg2aspump""]"
3af1faa1-2074-484e-893e-ed2c676e1576:qyLr3k8yBZz5Lj3aV3uzmkqpGyyBqLyyfJ3ugbvpump,solana,qyLr3k8yBZz5Lj3aV3uzmkqpGyyBqLyyfJ3ugbvpump,risk,clear,0.7288,review,unknown,False,55cf4c4ebb4ebe31b2550e8bdf3bd21b99753851,2026-09-28T19:19:56.563524+00:00,"[""capture:3af1faa1-2074-484e-893e-ed2c676e1576:token:qyLr3k8yBZz5Lj3aV3uzmkqpGyyBqLyyfJ3ugbvpump""]"
3af1faa1-2074-484e-893e-ed2c676e1576:qyLr3k8yBZz5Lj3aV3uzmkqpGyyBqLyyfJ3ugbvpump,solana,qyLr3k8yBZz5Lj3aV3uzmkqpGyyBqLyyfJ3ugbvpump,flow,supportive,0.6406,review,supportive,True,55cf4c4ebb4ebe31b2550e8bdf3bd21b99753851,2026-09-28T19:19:56.963526+00:00,"[""capture:3af1faa1-2074-484e-893e-ed2c676e1576:token:qyLr3k8yBZz5Lj3aV3uzmkqpGyyBqLyyfJ3ugbvpump""]"
3af1faa1-2074-484e-893e-ed2c676e1576:qyLr3k8yBZz5Lj3aV3uzmkqpGyyBqLyyfJ3ugbvpump,solana,qyLr3k8yBZz5Lj3aV3uzmkqpGyyBqLyyfJ3ugbvpump,ownership,within_limit,0.618,review,within_limit,True,55cf4c4ebb4ebe31b2550e8bdf3bd21b99753851,2026-09-28T19:19:57.402023+00:00,"[""capture:3af1faa1-2074-484e-893e-ed2c676e1576:token:qyLr3k8yBZz5Lj3aV3uzmkqpGyyBqLyyfJ3ugbvpump""]"
3af1faa1-2074-484e-893e-ed2c676e1576:EU8FftAh562jQmbxXBsjfpHgxGeHYEKXbeauhun6bxDu,solana,EU8FftAh562jQmbxXBsjfpHgxGeHYEKXbeauhun6bxDu,risk,clear,0.7288,review,unknown,False,55cf4c4ebb4ebe31b2550e8bdf3bd21b99753851,2026-09-28T19:19:57.918524+00:00,"[""capture:3af1faa1-2074-484e-893e-ed2c676e1576:token:EU8FftAh562jQmbxXBsjfpHgxGeHYEKXbeauhun6bxDu""]"
3af1faa1-2074-484e-893e-ed2c676e1576:EU8FftAh562jQmbxXBsjfpHgxGeHYEKXbeauhun6bxDu,solana,EU8FftAh562jQmbxXBsjfpHgxGeHYEKXbeauhun6bxDu,flow,supportive,0.5408,review,supportive,True,55cf4c4ebb4ebe31b2550e8bdf3bd21b99753851,2026-09-28T19:19:58.345525+00:00,"[""capture:3af1faa1-2074-484e-893e-ed2c676e1576:token:EU8FftAh562jQmbxXBsjfpHgxGeHYEKXbeauhun6bxDu""]"
3af1faa1-2074-484e-893e-ed2c676e1576:EU8FftAh562jQmbxXBsjfpHgxGeHYEKXbeauhun6bxDu,solana,EU8FftAh562jQmbxXBsjfpHgxGeHYEKXbeauhun6bxDu,ownership,within_limit,0.5801,review,within_limit,True,55cf4c4ebb4ebe31b2550e8bdf3bd21b99753851,2026-09-28T19:19:58.833522+00:00,"[""capture:3af1faa1-2074-484e-893e-ed2c676e1576:token:EU8FftAh562jQmbxXBsjfpHgxGeHYEKXbeauhun6bxDu""]"
3af1faa1-2074-484e-893e-ed2c676e1576:CMkXvUpvsPLZ34yyipcWR9yqTaPvgCrQN34SuGg8Y8iu,solana,CMkXvUpvsPLZ34yyipcWR9yqTaPvgCrQN34SuGg8Y8iu,risk,clear,0.7288,review,unknown,False,55cf4c4ebb4ebe31b2550e8bdf3bd21b99753851,2026-09-28T19:19:59.912523+00:00,"[""capture:3af1faa1-2074-484e-893e-ed2c676e1576:token:CMkXvUpvsPLZ34yyipcWR9yqTaPvgCrQN34SuGg8Y8iu""]"
3af1faa1-2074-484e-893e-ed2c676e1576:CMkXvUpvsPLZ34yyipcWR9yqTaPvgCrQN34SuGg8Y8iu,solana,CMkXvUpvsPLZ34yyipcWR9yqTaPvgCrQN34SuGg8Y8iu,flow,supportive,0.4501,review,supportive,True,55cf4c4ebb4ebe31b2550e8bdf3bd21b99753851,2026-09-28T19:20:00.359025+00:00,"[""capture:3af1faa1-2074-484e-893e-ed2c676e1576:token:CMkXvUpvsPLZ34yyipcWR9yqTaPvgCrQN34SuGg8Y8iu""]"
3af1faa1-2074-484e-893e-ed2c676e1576:CMkXvUpvsPLZ34yyipcWR9yqTaPvgCrQN34SuGg8Y8iu,solana,CMkXvUpvsPLZ34yyipcWR9yqTaPvgCrQN34SuGg8Y8iu,ownership,within_limit,0.6309,review,within_limit,True,55cf4c4ebb4ebe31b2550e8bdf3bd21b99753851,2026-09-28T19:20:00.804521+00:00,"[""capture:3af1faa1-2074-484e-893e-ed2c676e1576:token:CMkXvUpvsPLZ34yyipcWR9yqTaPvgCrQN34SuGg8Y8iu""]"
2c78112b-48e7-4f74-8c2e-1cb8642a79dc:23ZFzrMZiUqiJjFX15Fp39iutz5DJNdgRYjNBEAPJngt,solana,23ZFzrMZiUqiJjFX15Fp39iutz5DJNdgRYjNBEAPJngt,risk,clear,0.7288,review,unknown,False,55cf4c4ebb4ebe31b2550e8bdf3bd21b99753851,2026-09-28T19:20:01.737042+00:00,"[""capture:2c78112b-48e7-4f74-8c2e-1cb8642a79dc:token:23ZFzrMZiUqiJjFX15Fp39iutz5DJNdgRYjNBEAPJngt""]"
2c78112b-48e7-4f74-8c2e-1cb8642a79dc:23ZFzrMZiUqiJjFX15Fp39iutz5DJNdgRYjNBEAPJngt,solana,23ZFzrMZiUqiJjFX15Fp39iutz5DJNdgRYjNBEAPJngt,flow,supportive,0.5904,review,supportive,True,55cf4c4ebb4ebe31b2550e8bdf3bd21b99753851,2026-09-28T19:20:02.158039+00:00,"[""capture:2c78112b-48e7-4f74-8c2e-1cb8642a79dc:token:23ZFzrMZiUqiJjFX15Fp39iutz5DJNdgRYjNBEAPJngt""]"
2c78112b-48e7-4f74-8c2e-1cb8642a79dc:23ZFzrMZiUqiJjFX15Fp39iutz5DJNdgRYjNBEAPJngt,solana,23ZFzrMZiUqiJjFX15Fp39iutz5DJNdgRYjNBEAPJngt,ownership,within_limit,0.6116,review,within_limit,True,55cf4c4ebb4ebe31b2550e8bdf3bd21b99753851,2026-09-28T19:20:02.865539+00:00,"[""capture:2c78112b-48e7-4f74-8c2e-1cb8642a79dc:token:23ZFzrMZiUqiJjFX15Fp39iutz5DJNdgRYjNBEAPJngt""]"
4236f8d5-90c4-4c9b-a73e-d6443ae3bf32:HNazMWySREpLBoyEdsXPPzvvc4eZ6avQDwqBko3vpump,solana,HNazMWySREpLBoyEdsXPPzvvc4eZ6avQDwqBko3vpump,risk,clear,0.7288,review,unknown,False,55cf4c4ebb4ebe31b2550e8bdf3bd21b99753851,2026-09-28T19:20:03.460042+00:00,"[""capture:4236f8d5-90c4-4c9b-a73e-d6443ae3bf32:token:HNazMWySREpLBoyEdsXPPzvvc4eZ6avQDwqBko3vpump""]"
4236f8d5-90c4-4c9b-a73e-d6443ae3bf32:HNazMWySREpLBoyEdsXPPzvvc4eZ6avQDwqBko3vpump,solana,HNazMWySREpLBoyEdsXPPzvvc4eZ6avQDwqBko3vpump,flow,supportive,0.553,review,supportive,True,55cf4c4ebb4ebe31b2550e8bdf3bd21b99753851,2026-09-28T19:20:03.926542+00:00,"[""capture:4236f8d5-90c4-4c9b-a73e-d6443ae3bf32:token:HNazMWySREpLBoyEdsXPPzvvc4eZ6avQDwqBko3vpump""]"
4236f8d5-90c4-4c9b-a73e-d6443ae3bf32:HNazMWySREpLBoyEdsXPPzvvc4eZ6avQDwqBko3vpump,solana,HNazMWySREpLBoyEdsXPPzvvc4eZ6avQDwqBko3vpump,ownership,within_limit,0.6086,review,within_limit,True,55cf4c4ebb4ebe31b2550e8bdf3bd21b99753851,2026-09-28T19:20:04.364039+00:00,"[""capture:4236f8d5-90c4-4c9b-a73e-d6443ae3bf32:token:HNazMWySREpLBoyEdsXPPzvvc4eZ6avQDwqBko3vpump""]"
3af1faa1-2074-484e-893e-ed2c676e1576:D4GkdYbVphmZEPr24kGRjZ3S6v4zkJEe4oYnh7ZTpump,solana,D4GkdYbVphmZEPr24kGRjZ3S6v4zkJEe4oYnh7ZTpump,risk,clear,0.7288,review,unknown,False,55cf4c4ebb4ebe31b2550e8bdf3bd21b99753851,2026-09-28T19:20:04.871540+00:00,"[""capture:3af1faa1-2074-484e-893e-ed2c676e1576:token:D4GkdYbVphmZEPr24kGRjZ3S6v4zkJEe4oYnh7ZTpump""]"
3af1faa1-2074-484e-893e-ed2c676e1576:D4GkdYbVphmZEPr24kGRjZ3S6v4zkJEe4oYnh7ZTpump,solana,D4GkdYbVphmZEPr24kGRjZ3S6v4zkJEe4oYnh7ZTpump,flow,supportive,0.5898,review,supportive,True,55cf4c4ebb4ebe31b2550e8bdf3bd21b99753851,2026-09-28T19:20:05.271539+00:00,"[""capture:3af1faa1-2074-484e-893e-ed2c676e1576:token:D4GkdYbVphmZEPr24kGRjZ3S6v4zkJEe4oYnh7ZTpump""]"
3af1faa1-2074-484e-893e-ed2c676e1576:D4GkdYbVphmZEPr24kGRjZ3S6v4zkJEe4oYnh7ZTpump,solana,D4GkdYbVphmZEPr24kGRjZ3S6v4zkJEe4oYnh7ZTpump,ownership,within_limit,0.5819,review,within_limit,True,55cf4c4ebb4ebe31b2550e8bdf3bd21b99753851,2026-09-28T19:20:05.732538+00:00,"[""capture:3af1faa1-2074-484e-893e-ed2c676e1576:token:D4GkdYbVphmZEPr24kGRjZ3S6v4zkJEe4oYnh7ZTpump""]"
3af1faa1-2074-484e-893e-ed2c676e1576:pwfAeX3kpWpkuumA6iodJxtVcGAen6BkRPToR2VqLp9,solana,pwfAeX3kpWpkuumA6iodJxtVcGAen6BkRPToR2VqLp9,risk,clear,0.7288,review,unknown,False,55cf4c4ebb4ebe31b2550e8bdf3bd21b99753851,2026-09-28T19:20:06.228542+00:00,"[""capture:3af1faa1-2074-484e-893e-ed2c676e1576:token:pwfAeX3kpWpkuumA6iodJxtVcGAen6BkRPToR2VqLp9""]"
3af1faa1-2074-484e-893e-ed2c676e1576:pwfAeX3kpWpkuumA6iodJxtVcGAen6BkRPToR2VqLp9,solana,pwfAeX3kpWpkuumA6iodJxtVcGAen6BkRPToR2VqLp9,flow,supportive,0.5102,review,weak,False,55cf4c4ebb4ebe31b2550e8bdf3bd21b99753851,2026-09-28T19:20:06.687539+00:00,"[""capture:3af1faa1-2074-484e-893e-ed2c676e1576:token:pwfAeX3kpWpkuumA6iodJxtVcGAen6BkRPToR2VqLp9""]"
3af1faa1-2074-484e-893e-ed2c676e1576:pwfAeX3kpWpkuumA6iodJxtVcGAen6BkRPToR2VqLp9,solana,pwfAeX3kpWpkuumA6iodJxtVcGAen6BkRPToR2VqLp9,ownership,within_limit,0.5759,review,within_limit,True,55cf4c4ebb4ebe31b2550e8bdf3bd21b99753851,2026-09-28T19:20:07.134041+00:00,"[""capture:3af1faa1-2074-484e-893e-ed2c676e1576:token:pwfAeX3kpWpkuumA6iodJxtVcGAen6BkRPToR2VqLp9""]"
3af1faa1-2074-484e-893e-ed2c676e1576:u9uhxHwAn5K5jcuB25QEXBX7XBPArFSTkTQg7F1nuCA,solana,u9uhxHwAn5K5jcuB25QEXBX7XBPArFSTkTQg7F1nuCA,risk,clear,0.7288,review,unknown,False,55cf4c4ebb4ebe31b2550e8bdf3bd21b99753851,2026-09-28T19:20:07.639539+00:00,"[""capture:3af1faa1-2074-484e-893e-ed2c676e1576:token:u9uhxHwAn5K5jcuB25QEXBX7XBPArFSTkTQg7F1nuCA""]"
3af1faa1-2074-484e-893e-ed2c676e1576:u9uhxHwAn5K5jcuB25QEXBX7XBPArFSTkTQg7F1nuCA,solana,u9uhxHwAn5K5jcuB25QEXBX7XBPArFSTkTQg7F1nuCA,flow,supportive,0.6117,review,supportive,True,55cf4c4ebb4ebe31b2550e8bdf3bd21b99753851,2026-09-28T19:20:08.147539+00:00,"[""capture:3af1faa1-2074-484e-893e-ed2c676e1576:token:u9uhxHwAn5K5jcuB25QEXBX7XBPArFSTkTQg7F1nuCA""]"
3af1faa1-2074-484e-893e-ed2c676e1576:u9uhxHwAn5K5jcuB25QEXBX7XBPArFSTkTQg7F1nuCA,solana,u9uhxHwAn5K5jcuB25QEXBX7XBPArFSTkTQg7F1nuCA,ownership,within_limit,0.6124,review,within_limit,True,55cf4c4ebb4ebe31b2550e8bdf3bd21b99753851,2026-09-28T19:20:08.686038+00:00,"[""capture:3af1faa1-2074-484e-893e-ed2c676e1576:token:u9uhxHwAn5K5jcuB25QEXBX7XBPArFSTkTQg7F1nuCA""]"
ee91a1c6-bc99-4c7a-9cdc-bd6cb5478a9b:cPW1Zrx1zqEVb21pcQrzfjNkhS4Dz6fyztKooh6xfEX,solana,cPW1Zrx1zqEVb21pcQrzfjNkhS4Dz6fyztKooh6xfEX,risk,clear,0.7288,review,unknown,False,55cf4c4ebb4ebe31b2550e8bdf3bd21b99753851,2026-09-28T19:20:09.236039+00:00,"[""capture:ee91a1c6-bc99-4c7a-9cdc-bd6cb5478a9b:token:cPW1Zrx1zqEVb21pcQrzfjNkhS4Dz6fyztKooh6xfEX""]"
ee91a1c6-bc99-4c7a-9cdc-bd6cb5478a9b:cPW1Zrx1zqEVb21pcQrzfjNkhS4Dz6fyztKooh6xfEX,solana,cPW1Zrx1zqEVb21pcQrzfjNkhS4Dz6fyztKooh6xfEX,flow,supportive,0.5224,review,supportive,True,55cf4c4ebb4ebe31b2550e8bdf3bd21b99753851,2026-09-28T19:20:09.717537+00:00,"[""capture:ee91a1c6-bc99-4c7a-9cdc-bd6cb5478a9b:token:cPW1Zrx1zqEVb21pcQrzfjNkhS4Dz6fyztKooh6xfEX""]"
ee91a1c6-bc99-4c7a-9cdc-bd6cb5478a9b:cPW1Zrx1zqEVb21pcQrzfjNkhS4Dz6fyztKooh6xfEX,solana,cPW1Zrx1zqEVb21pcQrzfjNkhS4Dz6fyztKooh6xfEX,ownership,within_limit,0.5991,review,within_limit,True,55cf4c4ebb4ebe31b2550e8bdf3bd21b99753851,2026-09-28T19:20:10.173038+00:00,"[""capture:ee91a1c6-bc99-4c7a-9cdc-bd6cb5478a9b:token:cPW1Zrx1zqEVb21pcQrzfjNkhS4Dz6fyztKooh6xfEX""]"
3af1faa1-2074-484e-893e-ed2c676e1576:jNeszEWkVZtzYMUCmYm8dqgaLvRTsEwQFwfJiaFpump,solana,jNeszEWkVZtzYMUCmYm8dqgaLvRTsEwQFwfJiaFpump,risk,clear,0.7288,review,unknown,False,55cf4c4ebb4ebe31b2550e8bdf3bd21b99753851,2026-09-28T19:20:11.114036+00:00,"[""capture:3af1faa1-2074-484e-893e-ed2c676e1576:token:jNeszEWkVZtzYMUCmYm8dqgaLvRTsEwQFwfJiaFpump""]"
3af1faa1-2074-484e-893e-ed2c676e1576:jNeszEWkVZtzYMUCmYm8dqgaLvRTsEwQFwfJiaFpump,solana,jNeszEWkVZtzYMUCmYm8dqgaLvRTsEwQFwfJiaFpump,flow,supportive,0.6153,review,supportive,True,55cf4c4ebb4ebe31b2550e8bdf3bd21b99753851,2026-09-28T19:20:11.493034+00:00,"[""capture:3af1faa1-2074-484e-893e-ed2c676e1576:token:jNeszEWkVZtzYMUCmYm8dqgaLvRTsEwQFwfJiaFpump""]"
3af1faa1-2074-484e-893e-ed2c676e1576:jNeszEWkVZtzYMUCmYm8dqgaLvRTsEwQFwfJiaFpump,solana,jNeszEWkVZtzYMUCmYm8dqgaLvRTsEwQFwfJiaFpump,ownership,within_limit,0.6048,review,within_limit,True,55cf4c4ebb4ebe31b2550e8bdf3bd21b99753851,2026-09-28T19:20:12.357677+00:00,"[""capture:3af1faa1-2074-484e-893e-ed2c676e1576:token:jNeszEWkVZtzYMUCmYm8dqgaLvRTsEwQFwfJiaFpump""]"
0f04cfe5-88a0-4a83-ae8d-85c5cb3cdc89:4KPFYgMQg8Su7ZaqDduSYEZXPmh8fyUgot4yooZtpump,solana,4KPFYgMQg8Su7ZaqDduSYEZXPmh8fyUgot4yooZtpump,risk,clear,0.7288,review,unknown,False,55cf4c4ebb4ebe31b2550e8bdf3bd21b99753851,2026-09-28T19:20:12.875677+00:00,"[""capture:0f04cfe5-88a0-4a83-ae8d-85c5cb3cdc89:token:4KPFYgMQg8Su7ZaqDduSYEZXPmh8fyUgot4yooZtpump""]"
0f04cfe5-88a0-4a83-ae8d-85c5cb3cdc89:4KPFYgMQg8Su7ZaqDduSYEZXPmh8fyUgot4yooZtpump,solana,4KPFYgMQg8Su7ZaqDduSYEZXPmh8fyUgot4yooZtpump,flow,supportive,0.6447,review,supportive,True,55cf4c4ebb4ebe31b2550e8bdf3bd21b99753851,2026-09-28T19:20:13.600184+00:00,"[""capture:0f04cfe5-88a0-4a83-ae8d-85c5cb3cdc89:token:4KPFYgMQg8Su7ZaqDduSYEZXPmh8fyUgot4yooZtpump""]"
0f04cfe5-88a0-4a83-ae8d-85c5cb3cdc89:4KPFYgMQg8Su7ZaqDduSYEZXPmh8fyUgot4yooZtpump,solana,4KPFYgMQg8Su7ZaqDduSYEZXPmh8fyUgot4yooZtpump,ownership,within_limit,0.6515,review,within_limit,True,55cf4c4ebb4ebe31b2550e8bdf3bd21b99753851,2026-09-28T19:20:14.026685+00:00,"[""capture:0f04cfe5-88a0-4a83-ae8d-85c5cb3cdc89:token:4KPFYgMQg8Su7ZaqDduSYEZXPmh8fyUgot4yooZtpump""]"
3af1faa1-2074-484e-893e-ed2c676e1576:BfK1fZuZjcgtxpdKowafwDzFTywdVzyQb5mRYAdHpump,solana,BfK1fZuZjcgtxpdKowafwDzFTywdVzyQb5mRYAdHpump,risk,clear,0.7288,review,unknown,False,55cf4c4ebb4ebe31b2550e8bdf3bd21b99753851,2026-09-28T19:20:14.896022+00:00,"[""capture:3af1faa1-2074-484e-893e-ed2c676e1576:token:BfK1fZuZjcgtxpdKowafwDzFTywdVzyQb5mRYAdHpump""]"
3af1faa1-2074-484e-893e-ed2c676e1576:BfK1fZuZjcgtxpdKowafwDzFTywdVzyQb5mRYAdHpump,solana,BfK1fZuZjcgtxpdKowafwDzFTywdVzyQb5mRYAdHpump,flow,supportive,0.5158,review,supportive,True,55cf4c4ebb4ebe31b2550e8bdf3bd21b99753851,2026-09-28T19:20:15.300019+00:00,"[""capture:3af1faa1-2074-484e-893e-ed2c676e1576:token:BfK1fZuZjcgtxpdKowafwDzFTywdVzyQb5mRYAdHpump""]"
3af1faa1-2074-484e-893e-ed2c676e1576:BfK1fZuZjcgtxpdKowafwDzFTywdVzyQb5mRYAdHpump,solana,BfK1fZuZjcgtxpdKowafwDzFTywdVzyQb5mRYAdHpump,ownership,within_limit,0.6071,review,within_limit,True,55cf4c4ebb4ebe31b2550e8bdf3bd21b99753851,2026-09-28T19:20:15.801020+00:00,"[""capture:3af1faa1-2074-484e-893e-ed2c676e1576:token:BfK1fZuZjcgtxpdKowafwDzFTywdVzyQb5mRYAdHpump""]"
6e82d191-1d45-469b-840a-f3b2c7c82c6f:Gn9ikwyTJ7uKms5bggqQQ7CnzkN1i2RuksvUBD1Qpump,solana,Gn9ikwyTJ7uKms5bggqQQ7CnzkN1i2RuksvUBD1Qpump,risk,clear,0.6836,review,unknown,False,55cf4c4ebb4ebe31b2550e8bdf3bd21b99753851,2026-09-28T19:20:16.262522+00:00,"[""capture:6e82d191-1d45-469b-840a-f3b2c7c82c6f:token:Gn9ikwyTJ7uKms5bggqQQ7CnzkN1i2RuksvUBD1Qpump""]"
6e82d191-1d45-469b-840a-f3b2c7c82c6f:Gn9ikwyTJ7uKms5bggqQQ7CnzkN1i2RuksvUBD1Qpump,solana,Gn9ikwyTJ7uKms5bggqQQ7CnzkN1i2RuksvUBD1Qpump,flow,unknown,0.3809,review,unknown,True,55cf4c4ebb4ebe31b2550e8bdf3bd21b99753851,2026-09-28T19:20:16.554023+00:00,"[""capture:6e82d191-1d45-469b-840a-f3b2c7c82c6f:absent-task-fields""]"
6e82d191-1d45-469b-840a-f3b2c7c82c6f:Gn9ikwyTJ7uKms5bggqQQ7CnzkN1i2RuksvUBD1Qpump,solana,Gn9ikwyTJ7uKms5bggqQQ7CnzkN1i2RuksvUBD1Qpump,ownership,within_limit,0.5456,review,unknown,False,55cf4c4ebb4ebe31b2550e8bdf3bd21b99753851,2026-09-28T19:20:17.004520+00:00,"[""capture:6e82d191-1d45-469b-840a-f3b2c7c82c6f:token:Gn9ikwyTJ7uKms5bggqQQ7CnzkN1i2RuksvUBD1Qpump""]"
5bf8b136-181b-4bf0-97f5-5e72f86f8c2d:Akx3xogrZjMrt81cd1tvmWKkqL3Q5VviqcuqNS2Epump,solana,Akx3xogrZjMrt81cd1tvmWKkqL3Q5VviqcuqNS2Epump,risk,clear,0.6836,review,unknown,False,55cf4c4ebb4ebe31b2550e8bdf3bd21b99753851,2026-09-28T19:20:17.412522+00:00,"[""capture:5bf8b136-181b-4bf0-97f5-5e72f86f8c2d:token:Akx3xogrZjMrt81cd1tvmWKkqL3Q5VviqcuqNS2Epump""]"
5bf8b136-181b-4bf0-97f5-5e72f86f8c2d:Akx3xogrZjMrt81cd1tvmWKkqL3Q5VviqcuqNS2Epump,solana,Akx3xogrZjMrt81cd1tvmWKkqL3Q5VviqcuqNS2Epump,flow,unknown,0.3809,review,unknown,True,55cf4c4ebb4ebe31b2550e8bdf3bd21b99753851,2026-09-28T19:20:17.755523+00:00,"[""capture:5bf8b136-181b-4bf0-97f5-5e72f86f8c2d:absent-task-fields""]"
5bf8b136-181b-4bf0-97f5-5e72f86f8c2d:Akx3xogrZjMrt81cd1tvmWKkqL3Q5VviqcuqNS2Epump,solana,Akx3xogrZjMrt81cd1tvmWKkqL3Q5VviqcuqNS2Epump,ownership,within_limit,0.5456,review,unknown,False,55cf4c4ebb4ebe31b2550e8bdf3bd21b99753851,2026-09-28T19:20:18.256021+00:00,"[""capture:5bf8b136-181b-4bf0-97f5-5e72f86f8c2d:token:Akx3xogrZjMrt81cd1tvmWKkqL3Q5VviqcuqNS2Epump""]"
6163f173-9ede-46f4-81e5-1fe4737adf87:BJobPnEeiGwQXW4kfFtUAmQf4YeZPuii8pLdTBVsfxdJ,solana,BJobPnEeiGwQXW4kfFtUAmQf4YeZPuii8pLdTBVsfxdJ,risk,clear,0.6836,review,unknown,False,55cf4c4ebb4ebe31b2550e8bdf3bd21b99753851,2026-09-28T19:20:18.712521+00:00,"[""capture:6163f173-9ede-46f4-81e5-1fe4737adf87:token:BJobPnEeiGwQXW4kfFtUAmQf4YeZPuii8pLdTBVsfxdJ""]"
6163f173-9ede-46f4-81e5-1fe4737adf87:BJobPnEeiGwQXW4kfFtUAmQf4YeZPuii8pLdTBVsfxdJ,solana,BJobPnEeiGwQXW4kfFtUAmQf4YeZPuii8pLdTBVsfxdJ,flow,unknown,0.3809,review,unknown,True,55cf4c4ebb4ebe31b2550e8bdf3bd21b99753851,2026-09-28T19:20:19.043521+00:00,"[""capture:6163f173-9ede-46f4-81e5-1fe4737adf87:absent-task-fields""]"
6163f173-9ede-46f4-81e5-1fe4737adf87:BJobPnEeiGwQXW4kfFtUAmQf4YeZPuii8pLdTBVsfxdJ,solana,BJobPnEeiGwQXW4kfFtUAmQf4YeZPuii8pLdTBVsfxdJ,ownership,within_limit,0.6899,review,unknown,False,55cf4c4ebb4ebe31b2550e8bdf3bd21b99753851,2026-09-28T19:20:19.557523+00:00,"[""capture:6163f173-9ede-46f4-81e5-1fe4737adf87:token:BJobPnEeiGwQXW4kfFtUAmQf4YeZPuii8pLdTBVsfxdJ""]"
b7ee6500-ddfe-478e-9141-e7025cd7d4bc:9GgDKaEx8SjnxUc4rDDGkZPc4xLzZLRg5omTVND6pump,solana,9GgDKaEx8SjnxUc4rDDGkZPc4xLzZLRg5omTVND6pump,risk,clear,0.6836,review,unknown,False,55cf4c4ebb4ebe31b2550e8bdf3bd21b99753851,2026-09-28T19:20:19.967019+00:00,"[""capture:b7ee6500-ddfe-478e-9141-e7025cd7d4bc:token:9GgDKaEx8SjnxUc4rDDGkZPc4xLzZLRg5omTVND6pump""]"
b7ee6500-ddfe-478e-9141-e7025cd7d4bc:9GgDKaEx8SjnxUc4rDDGkZPc4xLzZLRg5omTVND6pump,solana,9GgDKaEx8SjnxUc4rDDGkZPc4xLzZLRg5omTVND6pump,flow,unknown,0.3809,review,unknown,True,55cf4c4ebb4ebe31b2550e8bdf3bd21b99753851,2026-09-28T19:20:20.244529+00:00,"[""capture:b7ee6500-ddfe-478e-9141-e7025cd7d4bc:absent-task-fields""]"
b7ee6500-ddfe-478e-9141-e7025cd7d4bc:9GgDKaEx8SjnxUc4rDDGkZPc4xLzZLRg5omTVND6pump,solana,9GgDKaEx8SjnxUc4rDDGkZPc4xLzZLRg5omTVND6pump,ownership,within_limit,0.6291,review,unknown,False,55cf4c4ebb4ebe31b2550e8bdf3bd21b99753851,2026-09-28T19:20:20.697020+00:00,"[""capture:b7ee6500-ddfe-478e-9141-e7025cd7d4bc:token:9GgDKaEx8SjnxUc4rDDGkZPc4xLzZLRg5omTVND6pump""]"
b7ee6500-ddfe-478e-9141-e7025cd7d4bc:J2wHs1ViGcCnCnvYLXLrkGQRFLBGaWMz7c9nokMMErcG,solana,J2wHs1ViGcCnCnvYLXLrkGQRFLBGaWMz7c9nokMMErcG,risk,clear,0.6836,review,unknown,False,55cf4c4ebb4ebe31b2550e8bdf3bd21b99753851,2026-09-28T19:20:21.155522+00:00,"[""capture:b7ee6500-ddfe-478e-9141-e7025cd7d4bc:token:J2wHs1ViGcCnCnvYLXLrkGQRFLBGaWMz7c9nokMMErcG""]"
b7ee6500-ddfe-478e-9141-e7025cd7d4bc:J2wHs1ViGcCnCnvYLXLrkGQRFLBGaWMz7c9nokMMErcG,solana,J2wHs1ViGcCnCnvYLXLrkGQRFLBGaWMz7c9nokMMErcG,flow,unknown,0.3809,review,unknown,True,55cf4c4ebb4ebe31b2550e8bdf3bd21b99753851,2026-09-28T19:20:21.437521+00:00,"[""capture:b7ee6500-ddfe-478e-9141-e7025cd7d4bc:absent-task-fields""]"
b7ee6500-ddfe-478e-9141-e7025cd7d4bc:J2wHs1ViGcCnCnvYLXLrkGQRFLBGaWMz7c9nokMMErcG,solana,J2wHs1ViGcCnCnvYLXLrkGQRFLBGaWMz7c9nokMMErcG,ownership,within_limit,0.633,review,unknown,False,55cf4c4ebb4ebe31b2550e8bdf3bd21b99753851,2026-09-28T19:20:21.858020+00:00,"[""capture:b7ee6500-ddfe-478e-9141-e7025cd7d4bc:token:J2wHs1ViGcCnCnvYLXLrkGQRFLBGaWMz7c9nokMMErcG""]"
